-- MySQL dump 10.17  Distrib 10.3.25-MariaDB, for debian-linux-gnu (x86_64)
--
-- Host: localhost    Database: TREN
-- ------------------------------------------------------
-- Server version	10.3.25-MariaDB-0ubuntu1

/*!40101 SET @OLD_CHARACTER_SET_CLIENT=@@CHARACTER_SET_CLIENT */;
/*!40101 SET @OLD_CHARACTER_SET_RESULTS=@@CHARACTER_SET_RESULTS */;
/*!40101 SET @OLD_COLLATION_CONNECTION=@@COLLATION_CONNECTION */;
/*!40101 SET NAMES utf8mb4 */;
/*!40103 SET @OLD_TIME_ZONE=@@TIME_ZONE */;
/*!40103 SET TIME_ZONE='+00:00' */;
/*!40014 SET @OLD_UNIQUE_CHECKS=@@UNIQUE_CHECKS, UNIQUE_CHECKS=0 */;
/*!40014 SET @OLD_FOREIGN_KEY_CHECKS=@@FOREIGN_KEY_CHECKS, FOREIGN_KEY_CHECKS=0 */;
/*!40101 SET @OLD_SQL_MODE=@@SQL_MODE, SQL_MODE='NO_AUTO_VALUE_ON_ZERO' */;
/*!40111 SET @OLD_SQL_NOTES=@@SQL_NOTES, SQL_NOTES=0 */;

--
-- Table structure for table `cabinas`
--

DROP TABLE IF EXISTS `cabinas`;
/*!40101 SET @saved_cs_client     = @@character_set_client */;
/*!40101 SET character_set_client = utf8 */;
CREATE TABLE `cabinas` (
  `id_config` int(11) NOT NULL AUTO_INCREMENT,
  `codigo_cabina` varchar(120) NOT NULL,
  `observaciones` varchar(400) NOT NULL,
  `fecha_instalacion` date NOT NULL,
  PRIMARY KEY (`id_config`),
  UNIQUE KEY `codigo_cabina` (`codigo_cabina`)
) ENGINE=InnoDB AUTO_INCREMENT=214 DEFAULT CHARSET=utf8mb4;
/*!40101 SET character_set_client = @saved_cs_client */;

--
-- Dumping data for table `cabinas`
--

LOCK TABLES `cabinas` WRITE;
/*!40000 ALTER TABLE `cabinas` DISABLE KEYS */;
INSERT INTO `cabinas` VALUES (1,'R142A','Cabina rapida','2021-05-11'),(2,'R154B','Cabina muy rapida','2021-05-04');
/*!40000 ALTER TABLE `cabinas` ENABLE KEYS */;
UNLOCK TABLES;

--
-- Table structure for table `lecturas`
--

DROP TABLE IF EXISTS `lecturas`;
/*!40101 SET @saved_cs_client     = @@character_set_client */;
/*!40101 SET character_set_client = utf8 */;
CREATE TABLE `lecturas` (
  `id_lectura` int(11) NOT NULL AUTO_INCREMENT,
  `id_punto` int(11) DEFAULT NULL,
  `id_cabina` int(11) DEFAULT NULL,
  `epc` varchar(220) NOT NULL,
  `fecha_lectura` datetime NOT NULL,
  PRIMARY KEY (`id_lectura`)
) ENGINE=InnoDB AUTO_INCREMENT=2004 DEFAULT CHARSET=utf8mb4;
/*!40101 SET character_set_client = @saved_cs_client */;

--
-- Dumping data for table `lecturas`
--

LOCK TABLES `lecturas` WRITE;
/*!40000 ALTER TABLE `lecturas` DISABLE KEYS */;
INSERT INTO `lecturas` VALUES (1,141,1,'008D00000000000000000000','2021-03-22 09:12:58'),(2,120,1,'007800000000000000000000','2021-03-22 09:13:28'),(3,3,2,'000300000000000000000000','2021-03-23 01:36:29'),(4,167,2,'00A700000000000000000000','2021-03-23 01:37:14'),(5,174,2,'00AE00000000000000000000','2021-03-23 01:38:27'),(6,2,2,'000200000000000000000000','2021-03-23 01:38:43'),(7,152,2,'009800000000000000000000','2021-03-23 01:38:48'),(8,277,2,'011500000000000000000000','2021-03-23 01:40:02'),(9,249,2,'00F900000000000000000000','2021-03-23 01:40:32'),(10,165,2,'00A500000000000000000000','2021-03-23 01:41:29'),(11,90,2,'005A00000000000000000000','2021-03-23 01:42:43'),(12,92,2,'005C00000000000000000000','2021-03-23 01:42:49'),(13,280,2,'011800000000000000000000','2021-03-23 01:43:12'),(14,281,2,'011900000000000000000000','2021-03-23 01:44:37'),(15,85,2,'005500000000000000000000','2021-03-23 01:45:02'),(16,47,2,'002F00000000000000000000','2021-03-23 01:45:20'),(17,225,2,'00E100000000000000000000','2021-03-23 01:46:22'),(18,211,2,'00D300000000000000000000','2021-03-23 01:46:43'),(19,1,2,'000100000000000000000000','2021-03-23 01:47:52'),(20,150,2,'009600000000000000000000','2021-03-23 01:48:05'),(21,151,2,'009700000000000000000000','2021-03-23 01:48:47'),(22,76,2,'004C00000000000000000000','2021-03-23 01:49:44'),(23,128,2,'008000000000000000000000','2021-03-23 01:51:54'),(24,129,2,'008100000000000000000000','2021-03-23 01:52:23'),(25,149,2,'009500000000000000000000','2021-03-23 01:52:54'),(26,149,1,'009500000000000000000000','2021-03-23 02:03:02'),(27,129,1,'008100000000000000000000','2021-03-23 02:03:18'),(28,49,1,'003100000000000000000000','2021-03-23 02:03:25'),(29,58155,1,'E32B77ECD624DC7B000004BF','2021-03-23 02:03:30'),(30,43,1,'002B00000000000000000000','2021-03-23 02:03:30'),(31,98,1,'006200000000000000000000','2021-03-23 02:05:19'),(32,160,1,'00A000000000000000000000','2021-03-23 02:05:24'),(33,159,1,'009F00000000000000000000','2021-03-23 02:07:21'),(34,29,1,'001D00000000000000000000','2021-03-23 02:07:31'),(35,212,1,'00D400000000000000000000','2021-03-23 02:08:42'),(36,226,1,'00E200000000000000000000','2021-03-23 02:09:08'),(37,202,1,'00CA00000000000000000000','2021-03-23 02:10:03'),(38,46,1,'002E00000000000000000000','2021-03-23 02:10:11'),(39,25,1,'001900000000000000000000','2021-03-23 02:10:22'),(40,282,1,'011A00000000000000000000','2021-03-23 02:10:34'),(41,283,1,'011B00000000000000000000','2021-03-23 02:11:58'),(42,81,1,'005100000000000000000000','2021-03-23 02:12:35'),(43,66,1,'004200000000000000000000','2021-03-23 02:12:50'),(44,65,1,'004100000000000000000000','2021-03-23 02:13:02'),(45,166,1,'00A600000000000000000000','2021-03-23 02:13:15'),(46,99,1,'006300000000000000000000','2021-03-23 02:14:03'),(47,278,1,'011600000000000000000000','2021-03-23 02:14:19'),(48,284,1,'011C00000000000000000000','2021-03-23 02:15:55'),(49,30,1,'001E00000000000000000000','2021-03-23 02:16:29'),(50,168,1,'00A800000000000000000000','2021-03-23 02:17:46'),(51,4,1,'000400000000000000000000','2021-03-23 02:18:27'),(52,154,1,'009A00000000000000000000','2021-03-23 02:18:32'),(53,155,1,'009B00000000000000000000','2021-03-23 02:20:06'),(54,240,1,'00F000000000000000000000','2021-03-23 02:20:38'),(55,24,1,'001800000000000000000000','2021-03-23 02:20:53'),(56,23,1,'001700000000000000000000','2021-03-23 02:21:01'),(57,80,1,'005000000000000000000000','2021-03-23 02:21:47'),(58,78,1,'004E00000000000000000000','2021-03-23 02:21:53'),(59,269,1,'010D00000000000000000000','2021-03-23 02:23:50'),(60,53,1,'003500000000000000000000','2021-03-23 02:24:15'),(61,248,1,'00F800000000000000000000','2021-03-23 02:24:29'),(62,238,1,'00EE00000000000000000000','2021-03-23 02:25:33'),(63,178,1,'00B200000000000000000000','2021-03-23 02:25:40'),(64,263,1,'010700000000000000000000','2021-03-23 02:26:04'),(65,102,1,'006600000000000000000000','2021-03-23 02:27:45'),(66,103,1,'006700000000000000000000','2021-03-23 02:28:02'),(67,71,1,'004700000000000000000000','2021-03-23 02:29:00'),(68,69,1,'004500000000000000000000','2021-03-23 02:29:32'),(69,262,1,'010600000000000000000000','2021-03-23 02:31:15'),(70,58155,1,'E32B77ECD624DC7B0000025C','2021-03-23 02:31:20'),(71,28,1,'001C00000000000000000000','2021-03-23 02:31:33'),(72,39,1,'002700000000000000000000','2021-03-23 02:31:41'),(73,35,1,'002300000000000000000000','2021-03-23 02:32:14'),(74,192,1,'00C000000000000000000000','2021-03-23 02:33:06'),(75,233,1,'00E900000000000000000000','2021-03-23 02:33:26'),(76,244,1,'00F400000000000000000000','2021-03-23 02:33:53'),(77,219,1,'00DB00000000000000000000','2021-03-23 02:33:59'),(78,271,1,'010F00000000000000000000','2021-03-23 02:35:19'),(79,182,1,'00B600000000000000000000','2021-03-23 02:35:54'),(80,196,1,'00C400000000000000000000','2021-03-23 02:36:15'),(81,171,1,'00AB00000000000000000000','2021-03-23 02:37:00'),(82,268,1,'010C00000000000000000000','2021-03-23 02:38:33'),(83,216,1,'00D800000000000000000000','2021-03-23 02:39:04'),(84,84,1,'005400000000000000000000','2021-03-23 02:45:09'),(85,264,1,'010800000000000000000000','2021-03-23 02:46:45'),(86,204,1,'00CC00000000000000000000','2021-03-23 02:47:13'),(87,188,1,'00BC00000000000000000000','2021-03-23 02:47:28'),(88,190,1,'00BE00000000000000000000','2021-03-23 02:47:45'),(89,210,1,'00D200000000000000000000','2021-03-23 02:47:58'),(90,242,1,'00F200000000000000000000','2021-03-23 02:48:09'),(91,261,1,'010500000000000000000000','2021-03-23 02:49:44'),(92,200,1,'00C800000000000000000000','2021-03-23 02:50:12'),(93,206,1,'00CE00000000000000000000','2021-03-23 02:50:25'),(94,231,1,'00E700000000000000000000','2021-03-23 02:50:45'),(95,201,1,'00C900000000000000000000','2021-03-23 02:50:58'),(96,260,1,'010400000000000000000000','2021-03-23 02:51:25'),(97,208,1,'00D000000000000000000000','2021-03-23 02:52:45'),(98,186,1,'00BA00000000000000000000','2021-03-23 02:52:56'),(99,214,1,'00D600000000000000000000','2021-03-23 02:53:11'),(100,180,1,'00B400000000000000000000','2021-03-23 02:53:21'),(101,12,1,'000C00000000000000000000','2021-03-23 02:53:32'),(102,8,1,'000800000000000000000000','2021-03-23 02:53:38'),(103,5,1,'000500000000000000000000','2021-03-23 02:53:43'),(104,141,1,'008D00000000000000000000','2021-03-23 02:54:26'),(105,120,1,'007800000000000000000000','2021-03-23 02:54:54'),(106,106,2,'006A00000000000000000000','2021-03-23 03:37:39'),(107,250,2,'00FA00000000000000000000','2021-03-23 03:38:47'),(108,10,2,'000A00000000000000000000','2021-03-23 03:39:53'),(109,11,2,'000B00000000000000000000','2021-03-23 03:40:03'),(110,179,2,'00B300000000000000000000','2021-03-23 03:40:11'),(111,213,2,'00D500000000000000000000','2021-03-23 03:40:21'),(112,185,2,'00B900000000000000000000','2021-03-23 03:40:32'),(113,207,2,'00CF00000000000000000000','2021-03-23 03:40:39'),(114,175,2,'00AF00000000000000000000','2021-03-23 03:40:45'),(115,251,2,'00FB00000000000000000000','2021-03-23 03:41:54'),(116,13109,2,'3335393634345531','2021-03-23 03:42:08'),(117,230,2,'00E600000000000000000000','2021-03-23 03:42:17'),(118,205,2,'00CD00000000000000000000','2021-03-23 03:42:40'),(119,199,2,'00C700000000000000000000','2021-03-23 03:42:51'),(120,222,2,'00DE00000000000000000000','2021-03-23 03:43:06'),(121,252,2,'00FC00000000000000000000','2021-03-23 03:44:29'),(122,241,2,'00F100000000000000000000','2021-03-23 03:44:44'),(123,209,2,'00D100000000000000000000','2021-03-23 03:45:03'),(124,189,2,'00BD00000000000000000000','2021-03-23 03:45:19'),(125,187,2,'00BB00000000000000000000','2021-03-23 03:45:38'),(126,203,2,'00CB00000000000000000000','2021-03-23 03:45:51'),(127,224,2,'00E000000000000000000000','2021-03-23 03:46:10'),(128,257,2,'010100000000000000000000','2021-03-23 03:47:24'),(129,221,2,'00DD00000000000000000000','2021-03-23 03:47:45'),(130,215,2,'00D700000000000000000000','2021-03-23 03:52:37'),(131,170,2,'00AA00000000000000000000','2021-03-23 03:54:46'),(132,195,2,'00C300000000000000000000','2021-03-23 03:55:44'),(133,181,2,'00B500000000000000000000','2021-03-23 03:56:01'),(134,267,2,'010B00000000000000000000','2021-03-23 03:57:48'),(135,243,2,'00F300000000000000000000','2021-03-23 03:58:03'),(136,232,2,'00E800000000000000000000','2021-03-23 03:58:40'),(137,191,2,'00BF00000000000000000000','2021-03-23 03:59:00'),(138,7,2,'000700000000000000000000','2021-03-23 03:59:44'),(139,26,2,'001A00000000000000000000','2021-03-23 03:59:55'),(140,27,2,'001B00000000000000000000','2021-03-23 04:00:03'),(141,143,2,'008F00000000000000000000','2021-03-23 04:00:11'),(142,58155,2,'E32B77ECD624DC7B00000419','2021-03-23 04:00:12'),(143,253,2,'00FD00000000000000000000','2021-03-23 04:01:46'),(144,15,2,'000F00000000000000000000','2021-03-23 04:02:18'),(145,14,2,'000E00000000000000000000','2021-03-23 04:02:35'),(146,236,2,'00EC00000000000000000000','2021-03-23 04:04:00'),(147,100,2,'006400000000000000000000','2021-03-23 04:04:12'),(148,101,2,'006500000000000000000000','2021-03-23 04:04:17'),(149,169,2,'00A900000000000000000000','2021-03-23 04:04:45'),(150,255,2,'00FF00000000000000000000','2021-03-23 04:05:13'),(151,237,2,'00ED00000000000000000000','2021-03-23 04:06:32'),(152,247,2,'00F700000000000000000000','2021-03-23 04:07:44'),(153,130,2,'008200000000000000000000','2021-03-23 04:07:54'),(154,131,2,'008300000000000000000000','2021-03-23 04:07:58'),(155,133,2,'008500000000000000000000','2021-03-23 04:08:08'),(156,142,2,'008E00000000000000000000','2021-03-23 04:08:15'),(157,265,2,'010900000000000000000000','2021-03-23 04:08:50'),(158,125,2,'007D00000000000000000000','2021-03-23 04:10:03'),(159,135,2,'008700000000000000000000','2021-03-23 04:10:27'),(160,138,2,'008A00000000000000000000','2021-03-23 04:10:36'),(161,75,2,'004B00000000000000000000','2021-03-23 04:10:43'),(162,74,2,'004A00000000000000000000','2021-03-23 04:10:51'),(163,17,2,'001100000000000000000000','2021-03-23 04:11:18'),(164,20,2,'001400000000000000000000','2021-03-23 04:11:23'),(165,22,2,'001600000000000000000000','2021-03-23 04:11:30'),(166,239,2,'00EF00000000000000000000','2021-03-23 04:11:42'),(167,223,2,'00DF00000000000000000000','2021-03-23 04:12:01'),(168,147,2,'009300000000000000000000','2021-03-23 04:13:51'),(169,3,2,'000300000000000000000000','2021-03-23 04:14:05'),(170,167,2,'00A700000000000000000000','2021-03-23 04:14:51'),(171,174,2,'00AE00000000000000000000','2021-03-23 04:16:04'),(172,2,2,'000200000000000000000000','2021-03-23 04:16:20'),(173,152,2,'009800000000000000000000','2021-03-23 04:16:24'),(174,277,2,'011500000000000000000000','2021-03-23 04:17:43'),(175,249,2,'00F900000000000000000000','2021-03-23 04:18:13'),(176,165,2,'00A500000000000000000000','2021-03-23 04:19:05'),(177,90,2,'005A00000000000000000000','2021-03-23 04:19:46'),(178,92,2,'005C00000000000000000000','2021-03-23 04:19:51'),(179,280,2,'011800000000000000000000','2021-03-23 04:20:15'),(180,281,2,'011900000000000000000000','2021-03-23 04:22:00'),(181,85,2,'005500000000000000000000','2021-03-23 04:22:27'),(182,47,2,'002F00000000000000000000','2021-03-23 04:22:47'),(183,225,2,'00E100000000000000000000','2021-03-23 04:23:51'),(184,211,2,'00D300000000000000000000','2021-03-23 04:24:12'),(185,1,2,'000100000000000000000000','2021-03-23 04:25:06'),(186,150,2,'009600000000000000000000','2021-03-23 04:25:13'),(187,151,2,'009700000000000000000000','2021-03-23 04:25:40'),(188,76,2,'004C00000000000000000000','2021-03-23 04:26:48'),(189,128,2,'008000000000000000000000','2021-03-23 04:28:52'),(190,129,2,'008100000000000000000000','2021-03-23 04:29:10'),(191,149,2,'009500000000000000000000','2021-03-23 04:29:35'),(192,129,1,'008100000000000000000000','2021-03-23 04:43:32'),(193,49,1,'003100000000000000000000','2021-03-23 04:43:38'),(194,58155,1,'E32B77ECD624DC7B000004BF','2021-03-23 04:43:42'),(195,43,1,'002B00000000000000000000','2021-03-23 04:43:43'),(196,98,1,'006200000000000000000000','2021-03-23 04:45:32'),(197,160,1,'00A000000000000000000000','2021-03-23 04:45:37'),(198,159,1,'009F00000000000000000000','2021-03-23 04:46:36'),(199,29,1,'001D00000000000000000000','2021-03-23 04:46:45'),(200,212,1,'00D400000000000000000000','2021-03-23 04:47:47'),(201,226,1,'00E200000000000000000000','2021-03-23 04:48:09'),(202,202,1,'00CA00000000000000000000','2021-03-23 04:49:04'),(203,46,1,'002E00000000000000000000','2021-03-23 04:49:12'),(204,25,1,'001900000000000000000000','2021-03-23 04:49:24'),(205,282,1,'011A00000000000000000000','2021-03-23 04:49:41'),(206,283,1,'011B00000000000000000000','2021-03-23 04:50:14'),(207,81,1,'005100000000000000000000','2021-03-23 04:51:37'),(208,66,1,'004200000000000000000000','2021-03-23 04:52:19'),(209,65,1,'004100000000000000000000','2021-03-23 04:52:37'),(210,166,1,'00A600000000000000000000','2021-03-23 04:52:54'),(211,99,1,'006300000000000000000000','2021-03-23 04:53:50'),(212,278,1,'011600000000000000000000','2021-03-23 04:54:06'),(213,284,1,'011C00000000000000000000','2021-03-23 04:55:12'),(214,30,1,'001E00000000000000000000','2021-03-23 04:55:43'),(215,168,1,'00A800000000000000000000','2021-03-23 04:57:00'),(216,4,1,'000400000000000000000000','2021-03-23 04:57:40'),(217,154,1,'009A00000000000000000000','2021-03-23 04:57:45'),(218,155,1,'009B00000000000000000000','2021-03-23 04:58:57'),(219,240,1,'00F000000000000000000000','2021-03-23 04:59:29'),(220,24,1,'001800000000000000000000','2021-03-23 04:59:43'),(221,23,1,'001700000000000000000000','2021-03-23 04:59:50'),(222,80,1,'005000000000000000000000','2021-03-23 05:00:37'),(223,78,1,'004E00000000000000000000','2021-03-23 05:00:43'),(224,269,1,'010D00000000000000000000','2021-03-23 05:06:13'),(225,53,1,'003500000000000000000000','2021-03-23 05:06:40'),(226,248,1,'00F800000000000000000000','2021-03-23 05:06:54'),(227,238,1,'00EE00000000000000000000','2021-03-23 05:07:58'),(228,178,1,'00B200000000000000000000','2021-03-23 05:08:06'),(229,263,1,'010700000000000000000000','2021-03-23 05:08:29'),(230,102,1,'006600000000000000000000','2021-03-23 05:10:05'),(231,103,1,'006700000000000000000000','2021-03-23 05:10:23'),(232,71,1,'004700000000000000000000','2021-03-23 05:11:22'),(233,69,1,'004500000000000000000000','2021-03-23 05:11:51'),(234,262,1,'010600000000000000000000','2021-03-23 05:13:30'),(235,58155,1,'E32B77ECD624DC7B0000025C','2021-03-23 05:13:35'),(236,28,1,'001C00000000000000000000','2021-03-23 05:13:48'),(237,39,1,'002700000000000000000000','2021-03-23 05:13:57'),(238,35,1,'002300000000000000000000','2021-03-23 05:14:34'),(239,192,1,'00C000000000000000000000','2021-03-23 05:15:26'),(240,233,1,'00E900000000000000000000','2021-03-23 05:15:47'),(241,244,1,'00F400000000000000000000','2021-03-23 05:16:18'),(242,219,1,'00DB00000000000000000000','2021-03-23 05:16:26'),(243,271,1,'010F00000000000000000000','2021-03-23 05:17:54'),(244,182,1,'00B600000000000000000000','2021-03-23 05:18:30'),(245,196,1,'00C400000000000000000000','2021-03-23 05:18:50'),(246,171,1,'00AB00000000000000000000','2021-03-23 05:19:34'),(247,268,1,'010C00000000000000000000','2021-03-23 05:20:53'),(248,216,1,'00D800000000000000000000','2021-03-23 05:21:23'),(249,84,1,'005400000000000000000000','2021-03-23 05:26:02'),(250,264,1,'010800000000000000000000','2021-03-23 05:28:09'),(251,204,1,'00CC00000000000000000000','2021-03-23 05:28:38'),(252,188,1,'00BC00000000000000000000','2021-03-23 05:28:53'),(253,190,1,'00BE00000000000000000000','2021-03-23 05:29:10'),(254,210,1,'00D200000000000000000000','2021-03-23 05:29:24'),(255,242,1,'00F200000000000000000000','2021-03-23 05:29:36'),(256,261,1,'010500000000000000000000','2021-03-23 05:30:44'),(257,200,1,'00C800000000000000000000','2021-03-23 05:31:19'),(258,206,1,'00CE00000000000000000000','2021-03-23 05:31:32'),(259,231,1,'00E700000000000000000000','2021-03-23 05:31:52'),(260,201,1,'00C900000000000000000000','2021-03-23 05:32:07'),(261,260,1,'010400000000000000000000','2021-03-23 05:32:31'),(262,208,1,'00D000000000000000000000','2021-03-23 05:33:38'),(263,186,1,'00BA00000000000000000000','2021-03-23 05:33:49'),(264,214,1,'00D600000000000000000000','2021-03-23 05:34:03'),(265,180,1,'00B400000000000000000000','2021-03-23 05:34:14'),(266,12,1,'000C00000000000000000000','2021-03-23 05:34:27'),(267,8,1,'000800000000000000000000','2021-03-23 05:34:34'),(268,5,1,'000500000000000000000000','2021-03-23 05:34:39'),(269,141,1,'008D00000000000000000000','2021-03-23 05:35:25'),(270,120,1,'007800000000000000000000','2021-03-23 05:35:53'),(271,146,1,'009200000000000000000000','2021-03-23 05:36:37'),(272,279,1,'011700000000000000000000','2021-03-23 05:37:34'),(273,157,1,'009D00000000000000000000','2021-03-23 06:11:17'),(274,134,1,'008600000000000000000000','2021-03-23 06:11:35'),(275,50,1,'003200000000000000000000','2021-03-23 06:12:10'),(276,58155,2,'E32B77ECD624DC7B0000034D','2021-03-23 06:12:18'),(277,43,1,'002B00000000000000000000','2021-03-23 06:12:29'),(278,106,2,'006A00000000000000000000','2021-03-23 06:12:44'),(279,250,2,'00FA00000000000000000000','2021-03-23 06:14:03'),(280,98,1,'006200000000000000000000','2021-03-23 06:14:45'),(281,160,1,'00A000000000000000000000','2021-03-23 06:14:54'),(282,10,2,'000A00000000000000000000','2021-03-23 06:15:36'),(283,11,2,'000B00000000000000000000','2021-03-23 06:15:48'),(284,179,2,'00B300000000000000000000','2021-03-23 06:15:59'),(285,213,2,'00D500000000000000000000','2021-03-23 06:16:10'),(286,159,1,'009F00000000000000000000','2021-03-23 06:16:17'),(287,185,2,'00B900000000000000000000','2021-03-23 06:16:24'),(288,29,1,'001D00000000000000000000','2021-03-23 06:16:28'),(289,207,2,'00CF00000000000000000000','2021-03-23 06:16:32'),(290,175,2,'00AF00000000000000000000','2021-03-23 06:16:42'),(291,212,1,'00D400000000000000000000','2021-03-23 06:17:39'),(292,251,2,'00FB00000000000000000000','2021-03-23 06:18:04'),(293,226,1,'00E200000000000000000000','2021-03-23 06:18:04'),(294,230,2,'00E600000000000000000000','2021-03-23 06:18:28'),(295,205,2,'00CD00000000000000000000','2021-03-23 06:18:51'),(296,199,2,'00C700000000000000000000','2021-03-23 06:19:03'),(297,202,1,'00CA00000000000000000000','2021-03-23 06:19:09'),(298,46,1,'002E00000000000000000000','2021-03-23 06:19:21'),(299,25,1,'001900000000000000000000','2021-03-23 06:19:37'),(300,222,2,'00DE00000000000000000000','2021-03-23 06:19:40'),(301,282,1,'011A00000000000000000000','2021-03-23 06:19:57'),(302,252,2,'00FC00000000000000000000','2021-03-23 06:20:53'),(303,241,2,'00F100000000000000000000','2021-03-23 06:21:08'),(304,283,1,'011B00000000000000000000','2021-03-23 06:21:17'),(305,209,2,'00D100000000000000000000','2021-03-23 06:21:27'),(306,189,2,'00BD00000000000000000000','2021-03-23 06:21:43'),(307,81,1,'005100000000000000000000','2021-03-23 06:21:58'),(308,187,2,'00BB00000000000000000000','2021-03-23 06:22:01'),(309,66,1,'004200000000000000000000','2021-03-23 06:22:12'),(310,203,2,'00CB00000000000000000000','2021-03-23 06:22:14'),(311,65,1,'004100000000000000000000','2021-03-23 06:22:26'),(312,224,2,'00E000000000000000000000','2021-03-23 06:22:36'),(313,166,1,'00A600000000000000000000','2021-03-23 06:22:44'),(314,99,1,'006300000000000000000000','2021-03-23 06:23:49'),(315,257,2,'010100000000000000000000','2021-03-23 06:23:53'),(316,278,1,'011600000000000000000000','2021-03-23 06:24:09'),(317,221,2,'00DD00000000000000000000','2021-03-23 06:24:14'),(318,284,1,'011C00000000000000000000','2021-03-23 06:25:29'),(319,30,1,'001E00000000000000000000','2021-03-23 06:26:03'),(320,168,1,'00A800000000000000000000','2021-03-23 06:27:22'),(321,4,1,'000400000000000000000000','2021-03-23 06:28:07'),(322,154,1,'009A00000000000000000000','2021-03-23 06:28:13'),(323,155,1,'009B00000000000000000000','2021-03-23 06:29:23'),(324,215,2,'00D700000000000000000000','2021-03-23 06:29:31'),(325,240,1,'00F000000000000000000000','2021-03-23 06:29:56'),(326,24,1,'001800000000000000000000','2021-03-23 06:30:11'),(327,23,1,'001700000000000000000000','2021-03-23 06:30:19'),(328,80,1,'005000000000000000000000','2021-03-23 06:31:06'),(329,78,1,'004E00000000000000000000','2021-03-23 06:31:13'),(330,170,2,'00AA00000000000000000000','2021-03-23 06:31:36'),(331,269,1,'010D00000000000000000000','2021-03-23 06:32:01'),(332,195,2,'00C300000000000000000000','2021-03-23 06:32:33'),(333,181,2,'00B500000000000000000000','2021-03-23 06:32:50'),(334,53,1,'003500000000000000000000','2021-03-23 06:33:00'),(335,227,2,'00E300000000000000000000','2021-03-23 06:33:09'),(336,248,1,'00F800000000000000000000','2021-03-23 06:33:18'),(337,238,1,'00EE00000000000000000000','2021-03-23 06:34:26'),(338,178,1,'00B200000000000000000000','2021-03-23 06:34:35'),(339,267,2,'010B00000000000000000000','2021-03-23 06:34:51'),(340,243,2,'00F300000000000000000000','2021-03-23 06:35:06'),(341,263,1,'010700000000000000000000','2021-03-23 06:35:08'),(342,232,2,'00E800000000000000000000','2021-03-23 06:35:43'),(343,191,2,'00BF00000000000000000000','2021-03-23 06:36:03'),(344,102,1,'006600000000000000000000','2021-03-23 06:36:47'),(345,103,1,'006700000000000000000000','2021-03-23 06:37:08'),(346,7,2,'000700000000000000000000','2021-03-23 06:37:34'),(347,26,2,'001A00000000000000000000','2021-03-23 06:37:50'),(348,27,2,'001B00000000000000000000','2021-03-23 06:38:01'),(349,143,2,'008F00000000000000000000','2021-03-23 06:38:13'),(350,58155,2,'E32B77ECD624DC7B00000419','2021-03-23 06:38:14'),(351,71,1,'004700000000000000000000','2021-03-23 06:38:16'),(352,69,1,'004500000000000000000000','2021-03-23 06:39:18'),(353,262,1,'010600000000000000000000','2021-03-23 06:41:11'),(354,58155,1,'E32B77ECD624DC7B0000025C','2021-03-23 06:41:16'),(355,28,1,'001C00000000000000000000','2021-03-23 06:41:30'),(356,39,1,'002700000000000000000000','2021-03-23 06:41:39'),(357,35,1,'002300000000000000000000','2021-03-23 06:42:07'),(358,192,1,'00C000000000000000000000','2021-03-23 06:43:05'),(359,233,1,'00E900000000000000000000','2021-03-23 06:43:35'),(360,244,1,'00F400000000000000000000','2021-03-23 06:44:15'),(361,219,1,'00DB00000000000000000000','2021-03-23 06:44:25'),(362,253,2,'00FD00000000000000000000','2021-03-23 06:44:29'),(363,15,2,'000F00000000000000000000','2021-03-23 06:44:59'),(364,14,2,'000E00000000000000000000','2021-03-23 06:45:15'),(365,271,1,'010F00000000000000000000','2021-03-23 06:46:02'),(366,236,2,'00EC00000000000000000000','2021-03-23 06:46:37'),(367,182,1,'00B600000000000000000000','2021-03-23 06:46:38'),(368,100,2,'006400000000000000000000','2021-03-23 06:46:53'),(369,101,2,'006500000000000000000000','2021-03-23 06:47:00'),(370,196,1,'00C400000000000000000000','2021-03-23 06:47:01'),(371,171,1,'00AB00000000000000000000','2021-03-23 06:47:57'),(372,169,2,'00A900000000000000000000','2021-03-23 06:48:21'),(373,255,2,'00FF00000000000000000000','2021-03-23 06:48:52'),(374,237,2,'00ED00000000000000000000','2021-03-23 06:50:06'),(375,247,2,'00F700000000000000000000','2021-03-23 06:53:10'),(376,130,2,'008200000000000000000000','2021-03-23 06:53:28'),(377,131,2,'008300000000000000000000','2021-03-23 06:53:34'),(378,133,2,'008500000000000000000000','2021-03-23 06:53:46'),(379,142,2,'008E00000000000000000000','2021-03-23 06:53:55'),(380,268,1,'010C00000000000000000000','2021-03-23 06:54:35'),(381,216,1,'00D800000000000000000000','2021-03-23 06:55:28'),(382,265,2,'010900000000000000000000','2021-03-23 06:55:46'),(383,125,2,'007D00000000000000000000','2021-03-23 06:56:09'),(384,135,2,'008700000000000000000000','2021-03-23 06:56:38'),(385,138,2,'008A00000000000000000000','2021-03-23 06:56:48'),(386,75,2,'004B00000000000000000000','2021-03-23 06:56:57'),(387,74,2,'004A00000000000000000000','2021-03-23 06:57:05'),(388,17,2,'001100000000000000000000','2021-03-23 06:57:34'),(389,20,2,'001400000000000000000000','2021-03-23 06:57:39'),(390,22,2,'001600000000000000000000','2021-03-23 06:57:48'),(391,239,2,'00EF00000000000000000000','2021-03-23 06:58:00'),(392,223,2,'00DF00000000000000000000','2021-03-23 06:58:24'),(393,147,2,'009300000000000000000000','2021-03-23 06:59:44'),(394,3,2,'000300000000000000000000','2021-03-23 06:59:59'),(395,167,2,'00A700000000000000000000','2021-03-23 07:00:46'),(396,84,1,'005400000000000000000000','2021-03-23 07:00:58'),(397,174,2,'00AE00000000000000000000','2021-03-23 07:02:01'),(398,2,2,'000200000000000000000000','2021-03-23 07:02:20'),(399,152,2,'009800000000000000000000','2021-03-23 07:02:26'),(400,264,1,'010800000000000000000000','2021-03-23 07:02:27'),(401,204,1,'00CC00000000000000000000','2021-03-23 07:02:56'),(402,188,1,'00BC00000000000000000000','2021-03-23 07:03:14'),(403,190,1,'00BE00000000000000000000','2021-03-23 07:03:34'),(404,210,1,'00D200000000000000000000','2021-03-23 07:03:50'),(405,277,2,'011500000000000000000000','2021-03-23 07:04:00'),(406,242,1,'00F200000000000000000000','2021-03-23 07:04:04'),(407,249,2,'00F900000000000000000000','2021-03-23 07:04:35'),(408,261,1,'010500000000000000000000','2021-03-23 07:05:23'),(409,165,2,'00A500000000000000000000','2021-03-23 07:05:39'),(410,200,1,'00C800000000000000000000','2021-03-23 07:05:51'),(411,206,1,'00CE00000000000000000000','2021-03-23 07:06:04'),(412,231,1,'00E700000000000000000000','2021-03-23 07:06:25'),(413,201,1,'00C900000000000000000000','2021-03-23 07:06:40'),(414,90,2,'005A00000000000000000000','2021-03-23 07:06:43'),(415,92,2,'005C00000000000000000000','2021-03-23 07:06:54'),(416,260,1,'010400000000000000000000','2021-03-23 07:07:10'),(417,283,2,'011B00000000000000000000','2021-03-23 07:07:55'),(418,208,1,'00D000000000000000000000','2021-03-23 07:08:02'),(419,186,1,'00BA00000000000000000000','2021-03-23 07:08:12'),(420,214,1,'00D600000000000000000000','2021-03-23 07:08:27'),(421,180,1,'00B400000000000000000000','2021-03-23 07:08:37'),(422,12,1,'000C00000000000000000000','2021-03-23 07:08:49'),(423,8,1,'000800000000000000000000','2021-03-23 07:08:54'),(424,5,1,'000500000000000000000000','2021-03-23 07:08:59'),(425,141,1,'008D00000000000000000000','2021-03-23 07:09:45'),(426,282,2,'011A00000000000000000000','2021-03-23 07:10:05'),(427,120,1,'007800000000000000000000','2021-03-23 07:10:15'),(428,25,2,'001900000000000000000000','2021-03-23 07:10:30'),(429,47,2,'002F00000000000000000000','2021-03-23 07:11:15'),(430,225,2,'00E100000000000000000000','2021-03-23 07:12:28'),(431,211,2,'00D300000000000000000000','2021-03-23 07:12:50'),(432,1,2,'000100000000000000000000','2021-03-23 07:14:03'),(433,150,2,'009600000000000000000000','2021-03-23 07:14:13'),(434,151,2,'009700000000000000000000','2021-03-23 07:15:38'),(435,76,2,'004C00000000000000000000','2021-03-23 07:15:59'),(436,128,2,'008000000000000000000000','2021-03-23 07:18:14'),(437,129,2,'008100000000000000000000','2021-03-23 07:18:43'),(438,157,2,'009D00000000000000000000','2021-03-23 07:19:14'),(439,50,1,'003200000000000000000000','2021-03-23 07:27:52'),(440,58155,1,'E32B77ECD624DC7B000004BF','2021-03-23 07:28:06'),(441,43,1,'002B00000000000000000000','2021-03-23 07:28:08'),(442,98,1,'006200000000000000000000','2021-03-23 07:30:26'),(443,160,1,'00A000000000000000000000','2021-03-23 07:30:33'),(444,159,1,'009F00000000000000000000','2021-03-23 07:31:38'),(445,29,1,'001D00000000000000000000','2021-03-23 07:31:49'),(446,212,1,'00D400000000000000000000','2021-03-23 07:33:08'),(447,226,1,'00E200000000000000000000','2021-03-23 07:33:33'),(448,202,1,'00CA00000000000000000000','2021-03-23 07:34:29'),(449,46,1,'002E00000000000000000000','2021-03-23 07:34:39'),(450,25,1,'001900000000000000000000','2021-03-23 07:34:56'),(451,282,1,'011A00000000000000000000','2021-03-23 07:35:14'),(452,283,1,'011B00000000000000000000','2021-03-23 07:35:52'),(453,81,1,'005100000000000000000000','2021-03-23 07:37:14'),(454,66,1,'004200000000000000000000','2021-03-23 07:37:30'),(455,65,1,'004100000000000000000000','2021-03-23 07:38:03'),(456,166,1,'00A600000000000000000000','2021-03-23 07:38:31'),(457,99,1,'006300000000000000000000','2021-03-23 07:39:48'),(458,278,1,'011600000000000000000000','2021-03-23 07:40:07'),(459,284,1,'011C00000000000000000000','2021-03-23 07:41:24'),(460,30,1,'001E00000000000000000000','2021-03-23 07:41:58'),(461,168,1,'00A800000000000000000000','2021-03-23 07:43:16'),(462,4,1,'000400000000000000000000','2021-03-23 07:44:01'),(463,154,1,'009A00000000000000000000','2021-03-23 07:44:08'),(464,155,1,'009B00000000000000000000','2021-03-23 07:45:22'),(465,240,1,'00F000000000000000000000','2021-03-23 07:45:55'),(466,24,1,'001800000000000000000000','2021-03-23 07:46:10'),(467,23,1,'001700000000000000000000','2021-03-23 07:46:17'),(468,80,1,'005000000000000000000000','2021-03-23 07:47:07'),(469,78,1,'004E00000000000000000000','2021-03-23 07:47:14'),(470,269,1,'010D00000000000000000000','2021-03-23 07:48:40'),(471,53,1,'003500000000000000000000','2021-03-23 07:49:07'),(472,248,1,'00F800000000000000000000','2021-03-23 07:49:22'),(473,238,1,'00EE00000000000000000000','2021-03-23 07:50:31'),(474,178,1,'00B200000000000000000000','2021-03-23 07:50:44'),(475,263,1,'010700000000000000000000','2021-03-23 07:51:16'),(476,102,1,'006600000000000000000000','2021-03-23 07:53:07'),(477,103,1,'006700000000000000000000','2021-03-23 07:53:27'),(478,71,1,'004700000000000000000000','2021-03-23 07:54:37'),(479,69,1,'004500000000000000000000','2021-03-23 07:55:09'),(480,262,1,'010600000000000000000000','2021-03-23 07:56:56'),(481,58155,1,'E32B77ECD624DC7B0000025C','2021-03-23 07:57:01'),(482,28,1,'001C00000000000000000000','2021-03-23 07:57:16'),(483,39,1,'002700000000000000000000','2021-03-23 07:57:28'),(484,35,1,'002300000000000000000000','2021-03-23 07:58:12'),(485,192,1,'00C000000000000000000000','2021-03-23 07:59:03'),(486,233,1,'00E900000000000000000000','2021-03-23 07:59:25'),(487,244,1,'00F400000000000000000000','2021-03-23 07:59:54'),(488,219,1,'00DB00000000000000000000','2021-03-23 08:00:02'),(489,271,1,'010F00000000000000000000','2021-03-23 08:01:31'),(490,182,1,'00B600000000000000000000','2021-03-23 08:02:05'),(491,196,1,'00C400000000000000000000','2021-03-23 08:02:25'),(492,171,1,'00AB00000000000000000000','2021-03-23 08:03:10'),(493,268,1,'010C00000000000000000000','2021-03-23 08:04:31'),(494,216,1,'00D800000000000000000000','2021-03-23 08:05:01'),(495,84,1,'005400000000000000000000','2021-03-23 08:10:08'),(496,264,1,'010800000000000000000000','2021-03-23 08:11:42'),(497,204,1,'00CC00000000000000000000','2021-03-23 08:12:11'),(498,188,1,'00BC00000000000000000000','2021-03-23 08:12:26'),(499,190,1,'00BE00000000000000000000','2021-03-23 08:12:44'),(500,210,1,'00D200000000000000000000','2021-03-23 08:12:58'),(501,242,1,'00F200000000000000000000','2021-03-23 08:13:12'),(502,261,1,'010500000000000000000000','2021-03-23 08:14:51'),(503,200,1,'00C800000000000000000000','2021-03-23 08:15:21'),(504,206,1,'00CE00000000000000000000','2021-03-23 08:15:34'),(505,231,1,'00E700000000000000000000','2021-03-23 08:15:53'),(506,201,1,'00C900000000000000000000','2021-03-23 08:16:09'),(507,260,1,'010400000000000000000000','2021-03-23 08:16:37'),(508,208,1,'00D000000000000000000000','2021-03-23 08:17:38'),(509,186,1,'00BA00000000000000000000','2021-03-23 08:17:49'),(510,214,1,'00D600000000000000000000','2021-03-23 08:18:03'),(511,180,1,'00B400000000000000000000','2021-03-23 08:18:13'),(512,12,1,'000C00000000000000000000','2021-03-23 08:18:25'),(513,8,1,'000800000000000000000000','2021-03-23 08:18:31'),(514,5,1,'000500000000000000000000','2021-03-23 08:18:36'),(515,141,1,'008D00000000000000000000','2021-03-23 08:19:22'),(516,120,1,'007800000000000000000000','2021-03-23 08:19:53'),(517,106,2,'006A00000000000000000000','2021-03-23 08:50:11'),(518,250,2,'00FA00000000000000000000','2021-03-23 08:51:36'),(519,157,1,'009D00000000000000000000','2021-03-23 08:51:41'),(520,134,1,'008600000000000000000000','2021-03-23 08:51:54'),(521,50,1,'003200000000000000000000','2021-03-23 08:52:23'),(522,43,1,'002B00000000000000000000','2021-03-23 08:52:39'),(523,10,2,'000A00000000000000000000','2021-03-23 08:53:04'),(524,11,2,'000B00000000000000000000','2021-03-23 08:53:14'),(525,179,2,'00B300000000000000000000','2021-03-23 08:53:23'),(526,213,2,'00D500000000000000000000','2021-03-23 08:53:33'),(527,185,2,'00B900000000000000000000','2021-03-23 08:53:44'),(528,207,2,'00CF00000000000000000000','2021-03-23 08:53:51'),(529,175,2,'00AF00000000000000000000','2021-03-23 08:54:00'),(530,98,1,'006200000000000000000000','2021-03-23 08:54:48'),(531,160,1,'00A000000000000000000000','2021-03-23 08:54:56'),(532,251,2,'00FB00000000000000000000','2021-03-23 08:55:20'),(533,230,2,'00E600000000000000000000','2021-03-23 08:55:43'),(534,159,1,'009F00000000000000000000','2021-03-23 08:56:10'),(535,199,2,'00C700000000000000000000','2021-03-23 08:56:16'),(536,29,1,'001D00000000000000000000','2021-03-23 08:56:26'),(537,222,2,'00DE00000000000000000000','2021-03-23 08:56:33'),(538,252,2,'00FC00000000000000000000','2021-03-23 08:57:40'),(539,212,1,'00D400000000000000000000','2021-03-23 08:57:41'),(540,241,2,'00F100000000000000000000','2021-03-23 08:57:55'),(541,226,1,'00E200000000000000000000','2021-03-23 08:58:05'),(542,209,2,'00D100000000000000000000','2021-03-23 08:58:13'),(543,189,2,'00BD00000000000000000000','2021-03-23 08:58:29'),(544,187,2,'00BB00000000000000000000','2021-03-23 08:58:48'),(545,202,1,'00CA00000000000000000000','2021-03-23 08:59:02'),(546,46,1,'002E00000000000000000000','2021-03-23 08:59:11'),(547,25,1,'001900000000000000000000','2021-03-23 08:59:23'),(548,224,2,'00E000000000000000000000','2021-03-23 08:59:24'),(549,282,1,'011A00000000000000000000','2021-03-23 08:59:37'),(550,257,2,'010100000000000000000000','2021-03-23 09:00:43'),(551,283,1,'011B00000000000000000000','2021-03-23 09:00:50'),(552,221,2,'00DD00000000000000000000','2021-03-23 09:01:03'),(553,81,1,'005100000000000000000000','2021-03-23 09:01:31'),(554,66,1,'004200000000000000000000','2021-03-23 09:01:46'),(555,65,1,'004100000000000000000000','2021-03-23 09:02:02'),(556,166,1,'00A600000000000000000000','2021-03-23 09:02:25'),(557,393,2,'018905000000000000000000','2021-03-23 09:03:09'),(558,99,1,'006300000000000000000000','2021-03-23 09:03:58'),(559,278,1,'011600000000000000000000','2021-03-23 09:04:18'),(560,284,1,'011C00000000000000000000','2021-03-23 09:05:37'),(561,215,2,'00D700000000000000000000','2021-03-23 09:06:08'),(562,30,1,'001E00000000000000000000','2021-03-23 09:06:11'),(563,168,1,'00A800000000000000000000','2021-03-23 09:07:31'),(564,170,2,'00AA00000000000000000000','2021-03-23 09:07:55'),(565,4,1,'000400000000000000000000','2021-03-23 09:08:19'),(566,154,1,'009A00000000000000000000','2021-03-23 09:08:25'),(567,195,2,'00C300000000000000000000','2021-03-23 09:08:50'),(568,181,2,'00B500000000000000000000','2021-03-23 09:09:07'),(569,227,2,'00E300000000000000000000','2021-03-23 09:09:26'),(570,155,1,'009B00000000000000000000','2021-03-23 09:09:40'),(571,240,1,'00F000000000000000000000','2021-03-23 09:10:12'),(572,24,1,'001800000000000000000000','2021-03-23 09:10:27'),(573,23,1,'001700000000000000000000','2021-03-23 09:10:35'),(574,267,2,'010B00000000000000000000','2021-03-23 09:11:00'),(575,243,2,'00F300000000000000000000','2021-03-23 09:11:14'),(576,80,1,'005000000000000000000000','2021-03-23 09:11:25'),(577,78,1,'004E00000000000000000000','2021-03-23 09:11:32'),(578,232,2,'00E800000000000000000000','2021-03-23 09:11:49'),(579,191,2,'00BF00000000000000000000','2021-03-23 09:12:08'),(580,269,1,'010D00000000000000000000','2021-03-23 09:12:19'),(581,7,2,'000700000000000000000000','2021-03-23 09:12:58'),(582,26,2,'001A00000000000000000000','2021-03-23 09:13:14'),(583,27,2,'001B00000000000000000000','2021-03-23 09:13:25'),(584,58155,2,'E32B77ECD624DC7B00000419','2021-03-23 09:13:37'),(585,143,2,'008F00000000000000000000','2021-03-23 09:13:37'),(586,53,1,'003500000000000000000000','2021-03-23 09:14:09'),(587,248,1,'00F800000000000000000000','2021-03-23 09:14:39'),(588,253,2,'00FD00000000000000000000','2021-03-23 09:14:55'),(589,15,2,'000F00000000000000000000','2021-03-23 09:15:28'),(590,14,2,'000E00000000000000000000','2021-03-23 09:15:43'),(591,238,1,'00EE00000000000000000000','2021-03-23 09:16:48'),(592,178,1,'00B200000000000000000000','2021-03-23 09:16:58'),(593,236,2,'00EC00000000000000000000','2021-03-23 09:16:59'),(594,100,2,'006400000000000000000000','2021-03-23 09:17:13'),(595,101,2,'006500000000000000000000','2021-03-23 09:17:19'),(596,263,1,'010700000000000000000000','2021-03-23 09:17:25'),(597,169,2,'00A900000000000000000000','2021-03-23 09:17:51'),(598,255,2,'00FF00000000000000000000','2021-03-23 09:18:18'),(599,102,1,'006600000000000000000000','2021-03-23 09:19:01'),(600,103,1,'006700000000000000000000','2021-03-23 09:19:22'),(601,237,2,'00ED00000000000000000000','2021-03-23 09:19:37'),(602,71,1,'004700000000000000000000','2021-03-23 09:20:41'),(603,247,2,'00F700000000000000000000','2021-03-23 09:20:50'),(604,130,2,'008200000000000000000000','2021-03-23 09:21:03'),(605,131,2,'008300000000000000000000','2021-03-23 09:21:08'),(606,133,2,'008500000000000000000000','2021-03-23 09:21:20'),(607,69,1,'004500000000000000000000','2021-03-23 09:21:31'),(608,279,2,'011700000000000000000000','2021-03-23 09:21:34'),(609,146,2,'009200000000000000000000','2021-03-23 09:22:05'),(610,262,1,'010600000000000000000000','2021-03-23 09:23:20'),(611,58155,1,'E32B77ECD624DC7B0000025C','2021-03-23 09:23:24'),(612,28,1,'001C00000000000000000000','2021-03-23 09:23:38'),(613,39,1,'002700000000000000000000','2021-03-23 09:23:47'),(614,35,1,'002300000000000000000000','2021-03-23 09:24:29'),(615,192,1,'00C000000000000000000000','2021-03-23 09:25:24'),(616,233,1,'00E900000000000000000000','2021-03-23 09:25:44'),(617,244,1,'00F400000000000000000000','2021-03-23 09:26:14'),(618,219,1,'00DB00000000000000000000','2021-03-23 09:26:22'),(619,271,1,'010F00000000000000000000','2021-03-23 09:27:43'),(620,182,1,'00B600000000000000000000','2021-03-23 09:28:18'),(621,196,1,'00C400000000000000000000','2021-03-23 09:28:38'),(622,171,1,'00AB00000000000000000000','2021-03-23 09:29:24'),(623,268,1,'010C00000000000000000000','2021-03-23 09:30:45'),(624,216,1,'00D800000000000000000000','2021-03-23 09:31:21'),(625,84,1,'005400000000000000000000','2021-03-23 09:37:34'),(626,264,1,'010800000000000000000000','2021-03-23 09:39:00'),(627,204,1,'00CC00000000000000000000','2021-03-23 09:39:28'),(628,188,1,'00BC00000000000000000000','2021-03-23 09:39:44'),(629,190,1,'00BE00000000000000000000','2021-03-23 09:40:01'),(630,210,1,'00D200000000000000000000','2021-03-23 09:40:14'),(631,146,2,'009200000000000000000000','2021-03-23 09:40:22'),(632,242,1,'00F200000000000000000000','2021-03-23 09:40:26'),(633,261,1,'010500000000000000000000','2021-03-23 09:41:36'),(634,200,1,'00C800000000000000000000','2021-03-23 09:42:07'),(635,206,1,'00CE00000000000000000000','2021-03-23 09:42:20'),(636,231,1,'00E700000000000000000000','2021-03-23 09:42:40'),(637,201,1,'00C900000000000000000000','2021-03-23 09:42:56'),(638,290,2,'012200000000000000000000','2021-03-23 09:42:59'),(639,260,1,'010400000000000000000000','2021-03-23 09:43:24'),(640,208,1,'00D000000000000000000000','2021-03-23 09:44:18'),(641,186,1,'00BA00000000000000000000','2021-03-23 09:44:29'),(642,214,1,'00D600000000000000000000','2021-03-23 09:44:43'),(643,180,1,'00B400000000000000000000','2021-03-23 09:44:53'),(644,12,1,'000C00000000000000000000','2021-03-23 09:45:06'),(645,8,1,'000800000000000000000000','2021-03-23 09:45:13'),(646,5,1,'000500000000000000000000','2021-03-23 09:45:18'),(647,141,1,'008D00000000000000000000','2021-03-23 09:46:08'),(648,120,1,'007800000000000000000000','2021-03-23 09:46:43'),(649,149,1,'009500000000000000000000','2021-03-23 11:27:57'),(650,129,1,'008100000000000000000000','2021-03-23 11:28:26'),(651,49,1,'003100000000000000000000','2021-03-23 11:28:41'),(652,58155,1,'E32B77ECD624DC7B000004BF','2021-03-23 11:28:51'),(653,43,1,'002B00000000000000000000','2021-03-23 11:28:53'),(654,98,1,'006200000000000000000000','2021-03-23 11:30:54'),(655,160,1,'00A000000000000000000000','2021-03-23 11:31:01'),(656,159,1,'009F00000000000000000000','2021-03-23 11:32:11'),(657,29,1,'001D00000000000000000000','2021-03-23 11:32:23'),(658,212,1,'00D400000000000000000000','2021-03-23 11:33:41'),(659,226,1,'00E200000000000000000000','2021-03-23 11:34:07'),(660,202,1,'00CA00000000000000000000','2021-03-23 11:35:03'),(661,46,1,'002E00000000000000000000','2021-03-23 11:35:11'),(662,25,1,'001900000000000000000000','2021-03-23 11:35:24'),(663,282,1,'011A00000000000000000000','2021-03-23 11:35:38'),(664,283,1,'011B00000000000000000000','2021-03-23 11:36:51'),(665,81,1,'005100000000000000000000','2021-03-23 11:37:31'),(666,66,1,'004200000000000000000000','2021-03-23 11:37:51'),(667,65,1,'004100000000000000000000','2021-03-23 11:38:19'),(668,166,1,'00A600000000000000000000','2021-03-23 11:38:54'),(669,99,1,'006300000000000000000000','2021-03-23 11:40:46'),(670,278,1,'011600000000000000000000','2021-03-23 11:41:06'),(671,284,1,'011C00000000000000000000','2021-03-23 11:42:16'),(672,30,1,'001E00000000000000000000','2021-03-23 11:42:49'),(673,168,1,'00A800000000000000000000','2021-03-23 11:44:08'),(674,4,1,'000400000000000000000000','2021-03-23 11:44:53'),(675,154,1,'009A00000000000000000000','2021-03-23 11:45:00'),(676,155,1,'009B00000000000000000000','2021-03-23 11:46:14'),(677,240,1,'00F000000000000000000000','2021-03-23 11:46:48'),(678,24,1,'001800000000000000000000','2021-03-23 11:47:05'),(679,23,1,'001700000000000000000000','2021-03-23 11:47:16'),(680,80,1,'005000000000000000000000','2021-03-23 11:48:19'),(681,78,1,'004E00000000000000000000','2021-03-23 11:48:28'),(682,269,1,'010D00000000000000000000','2021-03-23 11:49:15'),(683,53,1,'003500000000000000000000','2021-03-23 11:50:29'),(684,248,1,'00F800000000000000000000','2021-03-23 11:50:53'),(685,238,1,'00EE00000000000000000000','2021-03-23 11:52:04'),(686,178,1,'00B200000000000000000000','2021-03-23 11:52:13'),(687,263,1,'010700000000000000000000','2021-03-23 11:52:42'),(688,102,1,'006600000000000000000000','2021-03-23 11:54:25'),(689,103,1,'006700000000000000000000','2021-03-23 11:54:46'),(690,71,1,'004700000000000000000000','2021-03-23 11:55:55'),(691,69,1,'004500000000000000000000','2021-03-23 11:56:23'),(692,262,1,'010600000000000000000000','2021-03-23 11:58:06'),(693,58155,1,'E32B77ECD624DC7B0000025C','2021-03-23 11:58:10'),(694,28,1,'001C00000000000000000000','2021-03-23 11:58:24'),(695,39,1,'002700000000000000000000','2021-03-23 11:58:34'),(696,35,1,'002300000000000000000000','2021-03-23 11:59:15'),(697,192,1,'00C000000000000000000000','2021-03-23 12:00:08'),(698,233,1,'00E900000000000000000000','2021-03-23 12:00:28'),(699,244,1,'00F400000000000000000000','2021-03-23 12:00:59'),(700,219,1,'00DB00000000000000000000','2021-03-23 12:01:07'),(701,271,1,'010F00000000000000000000','2021-03-23 12:02:29'),(702,182,1,'00B600000000000000000000','2021-03-23 12:03:04'),(703,196,1,'00C400000000000000000000','2021-03-23 12:03:24'),(704,171,1,'00AB00000000000000000000','2021-03-23 12:04:11'),(705,268,1,'010C00000000000000000000','2021-03-23 12:05:29'),(706,216,1,'00D800000000000000000000','2021-03-23 12:06:00'),(707,84,1,'005400000000000000000000','2021-03-23 12:12:20'),(708,264,1,'010800000000000000000000','2021-03-23 12:13:49'),(709,204,1,'00CC00000000000000000000','2021-03-23 12:14:18'),(710,188,1,'00BC00000000000000000000','2021-03-23 12:14:34'),(711,190,1,'00BE00000000000000000000','2021-03-23 12:14:51'),(712,210,1,'00D200000000000000000000','2021-03-23 12:15:04'),(713,242,1,'00F200000000000000000000','2021-03-23 12:15:16'),(714,261,1,'010500000000000000000000','2021-03-23 12:16:42'),(715,200,1,'00C800000000000000000000','2021-03-23 12:17:13'),(716,206,1,'00CE00000000000000000000','2021-03-23 12:17:26'),(717,231,1,'00E700000000000000000000','2021-03-23 12:17:46'),(718,201,1,'00C900000000000000000000','2021-03-23 12:18:05'),(719,260,1,'010400000000000000000000','2021-03-23 12:18:37'),(720,208,1,'00D000000000000000000000','2021-03-23 12:19:35'),(721,186,1,'00BA00000000000000000000','2021-03-23 12:19:48'),(722,214,1,'00D600000000000000000000','2021-03-23 12:20:15'),(723,180,1,'00B400000000000000000000','2021-03-23 12:20:36'),(724,12,1,'000C00000000000000000000','2021-03-23 12:20:55'),(725,8,1,'000800000000000000000000','2021-03-23 12:21:02'),(726,5,1,'000500000000000000000000','2021-03-23 12:21:08'),(727,141,1,'008D00000000000000000000','2021-03-23 12:21:59'),(728,120,1,'007800000000000000000000','2021-03-23 12:22:33'),(729,290,1,'012200000000000000000000','2021-03-24 12:46:47'),(730,261,1,'010500000000000000000000','2021-03-25 01:01:14'),(731,200,1,'00C800000000000000000000','2021-03-25 01:01:44'),(732,206,1,'00CE00000000000000000000','2021-03-25 01:01:57'),(733,231,1,'00E700000000000000000000','2021-03-25 01:02:21'),(734,201,1,'00C900000000000000000000','2021-03-25 01:02:47'),(735,260,1,'010400000000000000000000','2021-03-25 01:03:20'),(736,208,1,'00D000000000000000000000','2021-03-25 01:04:18'),(737,186,1,'00BA00000000000000000000','2021-03-25 01:04:30'),(738,214,1,'00D600000000000000000000','2021-03-25 01:04:46'),(739,180,1,'00B400000000000000000000','2021-03-25 01:04:57'),(740,12,1,'000C00000000000000000000','2021-03-25 01:05:11'),(741,8,1,'000800000000000000000000','2021-03-25 01:05:19'),(742,5,1,'000500000000000000000000','2021-03-25 01:05:25'),(743,141,1,'008D00000000000000000000','2021-03-25 01:06:16'),(744,120,1,'007800000000000000000000','2021-03-25 01:07:32'),(745,122,1,'007A00000000000000000000','2021-03-25 01:08:03'),(746,115,1,'007300000000000000000000','2021-03-25 01:10:48'),(747,114,1,'007200000000000000000000','2021-03-25 01:10:58'),(748,59,1,'003B00000000000000000000','2021-03-25 01:12:16'),(749,68,1,'004400000000000000000000','2021-03-25 01:12:30'),(750,62,1,'003E00000000000000000000','2021-03-25 01:12:50'),(751,276,1,'011400000000000000000000','2021-03-25 01:13:55'),(752,276,2,'011400000000000000000000','2021-03-25 01:25:54'),(753,62,2,'003E00000000000000000000','2021-03-25 01:27:08'),(754,68,2,'004400000000000000000000','2021-03-25 01:27:27'),(755,59,2,'003B00000000000000000000','2021-03-25 01:27:41'),(756,114,2,'007200000000000000000000','2021-03-25 01:29:19'),(757,113,2,'007100000000000000000000','2021-03-25 01:29:30'),(758,104,2,'006800000000000000000000','2021-03-25 01:31:48'),(759,111,2,'006F00000000000000000000','2021-03-25 01:31:57'),(760,106,2,'006A00000000000000000000','2021-03-25 01:32:14'),(761,250,2,'00FA00000000000000000000','2021-03-25 01:33:18'),(762,10,2,'000A00000000000000000000','2021-03-25 01:35:14'),(763,11,2,'000B00000000000000000000','2021-03-25 01:35:27'),(764,179,2,'00B300000000000000000000','2021-03-25 01:35:37'),(765,213,2,'00D500000000000000000000','2021-03-25 01:35:48'),(766,185,2,'00B900000000000000000000','2021-03-25 01:36:00'),(767,207,2,'00CF00000000000000000000','2021-03-25 01:36:08'),(768,175,2,'00AF00000000000000000000','2021-03-25 01:36:16'),(769,251,2,'00FB00000000000000000000','2021-03-25 01:37:24'),(770,230,2,'00E600000000000000000000','2021-03-25 01:37:48'),(771,205,2,'00CD00000000000000000000','2021-03-25 01:38:16'),(772,199,2,'00C700000000000000000000','2021-03-25 01:38:28'),(773,222,2,'00DE00000000000000000000','2021-03-25 01:38:48'),(774,252,2,'00FC00000000000000000000','2021-03-25 01:40:01'),(775,241,2,'00F100000000000000000000','2021-03-25 01:40:16'),(776,209,2,'00D100000000000000000000','2021-03-25 01:40:35'),(777,189,2,'00BD00000000000000000000','2021-03-25 01:40:52'),(778,187,2,'00BB00000000000000000000','2021-03-25 01:41:10'),(779,203,2,'00CB00000000000000000000','2021-03-25 01:41:24'),(780,224,2,'00E000000000000000000000','2021-03-25 01:41:46'),(781,257,2,'010100000000000000000000','2021-03-25 01:43:03'),(782,221,2,'00DD00000000000000000000','2021-03-25 01:43:23'),(783,393,2,'018905000000000000000000','2021-03-25 01:45:27'),(784,215,2,'00D700000000000000000000','2021-03-25 01:48:51'),(785,170,2,'00AA00000000000000000000','2021-03-25 01:50:40'),(786,195,2,'00C300000000000000000000','2021-03-25 01:51:34'),(787,181,2,'00B500000000000000000000','2021-03-25 01:51:51'),(788,227,2,'00E300000000000000000000','2021-03-25 01:52:10'),(789,267,2,'010B00000000000000000000','2021-03-25 01:53:34'),(790,243,2,'00F300000000000000000000','2021-03-25 01:53:48'),(791,232,2,'00E800000000000000000000','2021-03-25 01:54:26'),(792,191,2,'00BF00000000000000000000','2021-03-25 01:54:54'),(793,0,2,'000000000000000063038711','2021-03-25 01:54:55'),(794,7,2,'000700000000000000000000','2021-03-25 01:55:56'),(795,26,2,'001A00000000000000000000','2021-03-25 01:56:12'),(796,27,2,'001B00000000000000000000','2021-03-25 01:56:22'),(797,58155,2,'E32B77ECD624DC7B00000419','2021-03-25 01:56:32'),(798,143,2,'008F00000000000000000000','2021-03-25 01:56:32'),(799,253,2,'00FD00000000000000000000','2021-03-25 01:57:37'),(800,15,2,'000F00000000000000000000','2021-03-25 01:58:06'),(801,14,2,'000E00000000000000000000','2021-03-25 01:58:24'),(802,236,2,'00EC00000000000000000000','2021-03-25 01:59:49'),(803,100,2,'006400000000000000000000','2021-03-25 02:00:10'),(804,101,2,'006500000000000000000000','2021-03-25 02:00:18'),(805,169,2,'00A900000000000000000000','2021-03-25 02:00:56'),(806,255,2,'00FF00000000000000000000','2021-03-25 02:01:34'),(807,237,2,'00ED00000000000000000000','2021-03-25 02:03:04'),(808,247,2,'00F700000000000000000000','2021-03-25 02:04:41'),(809,130,2,'008200000000000000000000','2021-03-25 02:05:05'),(810,131,2,'008300000000000000000000','2021-03-25 02:05:14'),(811,133,2,'008500000000000000000000','2021-03-25 02:05:31'),(812,142,2,'008E00000000000000000000','2021-03-25 02:05:43'),(813,265,2,'010900000000000000000000','2021-03-25 02:06:17'),(814,125,2,'007D00000000000000000000','2021-03-25 02:08:02'),(815,135,2,'008700000000000000000000','2021-03-25 02:08:30'),(816,138,2,'008A00000000000000000000','2021-03-25 02:08:39'),(817,75,2,'004B00000000000000000000','2021-03-25 02:08:47'),(818,74,2,'004A00000000000000000000','2021-03-25 02:08:54'),(819,17,2,'001100000000000000000000','2021-03-25 02:09:22'),(820,20,2,'001400000000000000000000','2021-03-25 02:09:27'),(821,22,2,'001600000000000000000000','2021-03-25 02:09:36'),(822,239,2,'00EF00000000000000000000','2021-03-25 02:09:50'),(823,223,2,'00DF00000000000000000000','2021-03-25 02:10:11'),(824,147,2,'009300000000000000000000','2021-03-25 02:11:21'),(825,3,2,'000300000000000000000000','2021-03-25 02:11:34'),(826,167,2,'00A700000000000000000000','2021-03-25 02:12:19'),(827,174,2,'00AE00000000000000000000','2021-03-25 02:13:31'),(828,2,2,'000200000000000000000000','2021-03-25 02:13:50'),(829,152,2,'009800000000000000000000','2021-03-25 02:13:55'),(830,277,2,'011500000000000000000000','2021-03-25 02:15:13'),(831,249,2,'00F900000000000000000000','2021-03-25 02:15:42'),(832,165,2,'00A500000000000000000000','2021-03-25 02:16:58'),(833,90,2,'005A00000000000000000000','2021-03-25 02:18:24'),(834,92,2,'005C00000000000000000000','2021-03-25 02:18:32'),(835,280,2,'011800000000000000000000','2021-03-25 02:19:05'),(836,281,2,'011900000000000000000000','2021-03-25 02:20:26'),(837,85,2,'005500000000000000000000','2021-03-25 02:20:56'),(838,47,2,'002F00000000000000000000','2021-03-25 02:21:20'),(839,225,2,'00E100000000000000000000','2021-03-25 02:22:29'),(840,211,2,'00D300000000000000000000','2021-03-25 02:22:50'),(841,1,2,'000100000000000000000000','2021-03-25 02:24:05'),(842,150,2,'009600000000000000000000','2021-03-25 02:24:17'),(843,151,2,'009700000000000000000000','2021-03-25 02:24:54'),(844,76,2,'004C00000000000000000000','2021-03-25 02:25:47'),(845,128,2,'008000000000000000000000','2021-03-25 02:27:50'),(846,129,2,'008100000000000000000000','2021-03-25 02:28:19'),(847,149,2,'009500000000000000000000','2021-03-25 02:28:49'),(848,129,1,'008100000000000000000000','2021-03-25 02:39:11'),(849,49,1,'003100000000000000000000','2021-03-25 02:39:26'),(850,43,1,'002B00000000000000000000','2021-03-25 02:39:37'),(851,98,1,'006200000000000000000000','2021-03-25 02:41:43'),(852,160,1,'00A000000000000000000000','2021-03-25 02:41:51'),(853,159,1,'009F00000000000000000000','2021-03-25 02:43:07'),(854,29,1,'001D00000000000000000000','2021-03-25 02:43:18'),(855,212,1,'00D400000000000000000000','2021-03-25 02:44:43'),(856,226,1,'00E200000000000000000000','2021-03-25 02:45:08'),(857,202,1,'00CA00000000000000000000','2021-03-25 02:46:03'),(858,46,1,'002E00000000000000000000','2021-03-25 02:46:11'),(859,25,1,'001900000000000000000000','2021-03-25 02:46:24'),(860,282,1,'011A00000000000000000000','2021-03-25 02:46:42'),(861,283,1,'011B00000000000000000000','2021-03-25 02:47:55'),(862,81,1,'005100000000000000000000','2021-03-25 02:48:36'),(863,66,1,'004200000000000000000000','2021-03-25 02:49:07'),(864,65,1,'004100000000000000000000','2021-03-25 02:50:01'),(865,166,1,'00A600000000000000000000','2021-03-25 02:50:39'),(866,99,1,'006300000000000000000000','2021-03-25 02:52:23'),(867,278,1,'011600000000000000000000','2021-03-25 02:52:47'),(868,284,1,'011C00000000000000000000','2021-03-25 02:54:05'),(869,30,1,'001E00000000000000000000','2021-03-25 02:54:36'),(870,168,1,'00A800000000000000000000','2021-03-25 02:55:54'),(871,4,1,'000400000000000000000000','2021-03-25 02:56:38'),(872,154,1,'009A00000000000000000000','2021-03-25 02:56:44'),(873,155,1,'009B00000000000000000000','2021-03-25 02:58:10'),(874,240,1,'00F000000000000000000000','2021-03-25 02:58:42'),(875,24,1,'001800000000000000000000','2021-03-25 02:58:56'),(876,23,1,'001700000000000000000000','2021-03-25 02:59:04'),(877,80,1,'005000000000000000000000','2021-03-25 03:00:00'),(878,78,1,'004E00000000000000000000','2021-03-25 03:00:09'),(879,269,1,'010D00000000000000000000','2021-03-25 03:01:42'),(880,53,1,'003500000000000000000000','2021-03-25 03:02:10'),(881,248,1,'00F800000000000000000000','2021-03-25 03:02:30'),(882,238,1,'00EE00000000000000000000','2021-03-25 03:03:39'),(883,178,1,'00B200000000000000000000','2021-03-25 03:03:54'),(884,263,1,'010700000000000000000000','2021-03-25 03:04:50'),(885,103,1,'006700000000000000000000','2021-03-25 03:06:43'),(886,71,1,'004700000000000000000000','2021-03-25 03:07:50'),(887,69,1,'004500000000000000000000','2021-03-25 03:08:33'),(888,262,1,'010600000000000000000000','2021-03-25 03:11:01'),(889,58155,1,'E32B77ECD624DC7B0000025C','2021-03-25 03:11:06'),(890,28,1,'001C00000000000000000000','2021-03-25 03:11:22'),(891,39,1,'002700000000000000000000','2021-03-25 03:11:36'),(892,35,1,'002300000000000000000000','2021-03-25 03:12:29'),(893,192,1,'00C000000000000000000000','2021-03-25 03:13:40'),(894,233,1,'00E900000000000000000000','2021-03-25 03:14:03'),(895,244,1,'00F400000000000000000000','2021-03-25 03:14:37'),(896,219,1,'00DB00000000000000000000','2021-03-25 03:14:47'),(897,271,1,'010F00000000000000000000','2021-03-25 03:16:44'),(898,182,1,'00B600000000000000000000','2021-03-25 03:17:15'),(899,196,1,'00C400000000000000000000','2021-03-25 03:17:35'),(900,171,1,'00AB00000000000000000000','2021-03-25 03:18:27'),(901,268,1,'010C00000000000000000000','2021-03-25 03:20:39'),(902,216,1,'00D800000000000000000000','2021-03-25 03:21:20'),(903,84,1,'005400000000000000000000','2021-03-25 03:27:12'),(904,264,1,'010800000000000000000000','2021-03-25 03:28:47'),(905,204,1,'00CC00000000000000000000','2021-03-25 03:29:15'),(906,188,1,'00BC00000000000000000000','2021-03-25 03:29:30'),(907,190,1,'00BE00000000000000000000','2021-03-25 03:29:49'),(908,210,1,'00D200000000000000000000','2021-03-25 03:30:04'),(909,242,1,'00F200000000000000000000','2021-03-25 03:30:17'),(910,261,1,'010500000000000000000000','2021-03-25 03:31:56'),(911,200,1,'00C800000000000000000000','2021-03-25 03:32:25'),(912,206,1,'00CE00000000000000000000','2021-03-25 03:32:37'),(913,231,1,'00E700000000000000000000','2021-03-25 03:33:00'),(914,201,1,'00C900000000000000000000','2021-03-25 03:33:20'),(915,260,1,'010400000000000000000000','2021-03-25 03:33:52'),(916,208,1,'00D000000000000000000000','2021-03-25 03:34:58'),(917,186,1,'00BA00000000000000000000','2021-03-25 03:35:09'),(918,214,1,'00D600000000000000000000','2021-03-25 03:35:23'),(919,180,1,'00B400000000000000000000','2021-03-25 03:35:32'),(920,12,1,'000C00000000000000000000','2021-03-25 03:35:44'),(921,8,1,'000800000000000000000000','2021-03-25 03:35:49'),(922,5,1,'000500000000000000000000','2021-03-25 03:35:54'),(923,141,1,'008D00000000000000000000','2021-03-25 03:36:47'),(924,120,1,'007800000000000000000000','2021-03-25 03:37:22'),(925,119,1,'007700000000000000000000','2021-03-25 03:38:20'),(926,93,1,'005D00000000000000000000','2021-03-25 03:42:01'),(927,89,1,'005900000000000000000000','2021-03-25 03:42:14'),(928,88,1,'005800000000000000000000','2021-03-25 03:42:19'),(929,63,1,'003F00000000000000000000','2021-03-25 03:42:35'),(930,61,1,'003D00000000000000000000','2021-03-25 03:43:32'),(931,60,1,'003C00000000000000000000','2021-03-25 03:43:50'),(932,45,1,'002D00000000000000000000','2021-03-25 03:44:49'),(933,44,1,'002C00000000000000000000','2021-03-25 03:45:02'),(934,37,1,'002500000000000000000000','2021-03-25 03:45:26'),(935,272,1,'011000000000000000000000','2021-03-25 03:45:49'),(936,37,2,'002500000000000000000000','2021-03-25 04:08:51'),(937,44,2,'002C00000000000000000000','2021-03-25 04:09:14'),(938,45,2,'002D00000000000000000000','2021-03-25 04:09:26'),(939,60,2,'003C00000000000000000000','2021-03-25 04:10:39'),(940,61,2,'003D00000000000000000000','2021-03-25 04:11:02'),(941,63,2,'003F00000000000000000000','2021-03-25 04:12:08'),(942,88,2,'005800000000000000000000','2021-03-25 04:12:26'),(943,89,2,'005900000000000000000000','2021-03-25 04:12:31'),(944,72,2,'004800000000000000000000','2021-03-25 04:12:51'),(945,105,2,'006900000000000000000000','2021-03-25 04:17:11'),(946,106,2,'006A00000000000000000000','2021-03-25 04:17:21'),(947,250,2,'00FA00000000000000000000','2021-03-25 04:18:49'),(948,10,2,'000A00000000000000000000','2021-03-25 04:19:54'),(949,11,2,'000B00000000000000000000','2021-03-25 04:20:06'),(950,179,2,'00B300000000000000000000','2021-03-25 04:20:15'),(951,213,2,'00D500000000000000000000','2021-03-25 04:20:25'),(952,185,2,'00B900000000000000000000','2021-03-25 04:20:38'),(953,207,2,'00CF00000000000000000000','2021-03-25 04:20:47'),(954,175,2,'00AF00000000000000000000','2021-03-25 04:20:57'),(955,251,2,'00FB00000000000000000000','2021-03-25 04:22:25'),(956,230,2,'00E600000000000000000000','2021-03-25 04:22:48'),(957,205,2,'00CD00000000000000000000','2021-03-25 04:23:12'),(958,199,2,'00C700000000000000000000','2021-03-25 04:23:23'),(959,222,2,'00DE00000000000000000000','2021-03-25 04:23:40'),(960,252,2,'00FC00000000000000000000','2021-03-25 04:24:47'),(961,241,2,'00F100000000000000000000','2021-03-25 04:25:00'),(962,209,2,'00D100000000000000000000','2021-03-25 04:25:19'),(963,189,2,'00BD00000000000000000000','2021-03-25 04:25:34'),(964,187,2,'00BB00000000000000000000','2021-03-25 04:25:52'),(965,203,2,'00CB00000000000000000000','2021-03-25 04:26:06'),(966,224,2,'00E000000000000000000000','2021-03-25 04:26:27'),(967,257,2,'010100000000000000000000','2021-03-25 04:27:45'),(968,221,2,'00DD00000000000000000000','2021-03-25 04:28:05'),(969,393,2,'018905000000000000000000','2021-03-25 04:30:23'),(970,215,2,'00D700000000000000000000','2021-03-25 04:34:17'),(971,170,2,'00AA00000000000000000000','2021-03-25 04:36:46'),(972,195,2,'00C300000000000000000000','2021-03-25 04:37:44'),(973,181,2,'00B500000000000000000000','2021-03-25 04:38:02'),(974,227,2,'00E300000000000000000000','2021-03-25 04:38:24'),(975,267,2,'010B00000000000000000000','2021-03-25 04:40:03'),(976,243,2,'00F300000000000000000000','2021-03-25 04:40:17'),(977,232,2,'00E800000000000000000000','2021-03-25 04:40:55'),(978,191,2,'00BF00000000000000000000','2021-03-25 04:41:16'),(979,7,2,'000700000000000000000000','2021-03-25 04:42:05'),(980,26,2,'001A00000000000000000000','2021-03-25 04:42:22'),(981,27,2,'001B00000000000000000000','2021-03-25 04:42:32'),(982,143,2,'008F00000000000000000000','2021-03-25 04:42:44'),(983,58155,2,'E32B77ECD624DC7B00000419','2021-03-25 04:42:45'),(984,253,2,'00FD00000000000000000000','2021-03-25 04:44:23'),(985,15,2,'000F00000000000000000000','2021-03-25 04:44:51'),(986,14,2,'000E00000000000000000000','2021-03-25 04:45:07'),(987,236,2,'00EC00000000000000000000','2021-03-25 04:46:32'),(988,100,2,'006400000000000000000000','2021-03-25 04:46:45'),(989,101,2,'006500000000000000000000','2021-03-25 04:46:51'),(990,169,2,'00A900000000000000000000','2021-03-25 04:47:22'),(991,255,2,'00FF00000000000000000000','2021-03-25 04:47:55'),(992,237,2,'00ED00000000000000000000','2021-03-25 04:49:20'),(993,247,2,'00F700000000000000000000','2021-03-25 04:50:32'),(994,131,2,'008300000000000000000000','2021-03-25 04:50:47'),(995,133,2,'008500000000000000000000','2021-03-25 04:50:57'),(996,142,2,'008E00000000000000000000','2021-03-25 04:51:05'),(997,265,2,'010900000000000000000000','2021-03-25 04:51:38'),(998,125,2,'007D00000000000000000000','2021-03-25 04:53:44'),(999,135,2,'008700000000000000000000','2021-03-25 04:54:12'),(1000,138,2,'008A00000000000000000000','2021-03-25 04:54:23'),(1001,75,2,'004B00000000000000000000','2021-03-25 04:54:31'),(1002,74,2,'004A00000000000000000000','2021-03-25 04:54:38'),(1003,17,2,'001100000000000000000000','2021-03-25 04:55:06'),(1004,20,2,'001400000000000000000000','2021-03-25 04:55:11'),(1005,22,2,'001600000000000000000000','2021-03-25 04:55:18'),(1006,239,2,'00EF00000000000000000000','2021-03-25 04:55:30'),(1007,223,2,'00DF00000000000000000000','2021-03-25 04:55:50'),(1008,147,2,'009300000000000000000000','2021-03-25 04:57:14'),(1009,3,2,'000300000000000000000000','2021-03-25 04:57:28'),(1010,167,2,'00A700000000000000000000','2021-03-25 04:58:13'),(1011,174,2,'00AE00000000000000000000','2021-03-25 04:59:26'),(1012,2,2,'000200000000000000000000','2021-03-25 04:59:42'),(1013,152,2,'009800000000000000000000','2021-03-25 04:59:47'),(1014,277,2,'011500000000000000000000','2021-03-25 05:01:40'),(1015,249,2,'00F900000000000000000000','2021-03-25 05:02:10'),(1016,165,2,'00A500000000000000000000','2021-03-25 05:03:14'),(1017,90,2,'005A00000000000000000000','2021-03-25 05:04:22'),(1018,92,2,'005C00000000000000000000','2021-03-25 05:04:30'),(1019,280,2,'011800000000000000000000','2021-03-25 05:05:07'),(1020,281,2,'011900000000000000000000','2021-03-25 05:06:45'),(1021,85,2,'005500000000000000000000','2021-03-25 05:07:16'),(1022,47,2,'002F00000000000000000000','2021-03-25 05:07:39'),(1023,225,2,'00E100000000000000000000','2021-03-25 05:08:45'),(1024,211,2,'00D300000000000000000000','2021-03-25 05:09:07'),(1025,1,2,'000100000000000000000000','2021-03-25 05:10:20'),(1026,150,2,'009600000000000000000000','2021-03-25 05:10:34'),(1027,151,2,'009700000000000000000000','2021-03-25 05:11:55'),(1028,76,2,'004C00000000000000000000','2021-03-25 05:12:12'),(1029,128,2,'008000000000000000000000','2021-03-25 05:14:34'),(1030,129,2,'008100000000000000000000','2021-03-25 05:15:05'),(1031,157,2,'009D00000000000000000000','2021-03-25 05:15:35'),(1032,146,1,'009200000000000000000000','2021-03-25 05:53:58'),(1033,279,1,'011700000000000000000000','2021-03-25 05:54:59'),(1034,146,2,'009200000000000000000000','2021-03-25 06:00:50'),(1035,125,2,'007D00000000000000000000','2021-03-25 06:07:21'),(1036,135,2,'008700000000000000000000','2021-03-25 06:08:43'),(1037,138,2,'008A00000000000000000000','2021-03-25 06:09:05'),(1038,75,2,'004B00000000000000000000','2021-03-25 06:09:18'),(1039,74,2,'004A00000000000000000000','2021-03-25 06:09:28'),(1040,17,2,'001100000000000000000000','2021-03-25 06:10:16'),(1041,20,2,'001400000000000000000000','2021-03-25 06:10:26'),(1042,22,2,'001600000000000000000000','2021-03-25 06:10:38'),(1043,239,2,'00EF00000000000000000000','2021-03-25 06:10:59'),(1044,223,2,'00DF00000000000000000000','2021-03-25 06:11:30'),(1045,147,2,'009300000000000000000000','2021-03-25 06:11:58'),(1046,3,2,'000300000000000000000000','2021-03-25 06:12:10'),(1047,167,2,'00A700000000000000000000','2021-03-25 06:12:59'),(1048,174,2,'00AE00000000000000000000','2021-03-25 06:14:18'),(1049,2,2,'000200000000000000000000','2021-03-25 06:14:38'),(1050,152,2,'009800000000000000000000','2021-03-25 06:14:44'),(1051,277,2,'011500000000000000000000','2021-03-25 06:15:08'),(1052,249,2,'00F900000000000000000000','2021-03-25 06:15:37'),(1053,165,2,'00A500000000000000000000','2021-03-25 06:16:36'),(1054,90,2,'005A00000000000000000000','2021-03-25 06:22:30'),(1055,92,2,'005C00000000000000000000','2021-03-25 06:22:49'),(1056,283,2,'011B00000000000000000000','2021-03-25 06:24:27'),(1057,282,2,'011A00000000000000000000','2021-03-25 06:25:26'),(1058,25,2,'001900000000000000000000','2021-03-25 06:26:01'),(1059,47,2,'002F00000000000000000000','2021-03-25 06:27:08'),(1060,225,2,'00E100000000000000000000','2021-03-25 06:28:33'),(1061,211,2,'00D300000000000000000000','2021-03-25 06:28:57'),(1062,1,2,'000100000000000000000000','2021-03-25 06:30:11'),(1063,150,2,'009600000000000000000000','2021-03-25 06:30:20'),(1064,151,2,'009700000000000000000000','2021-03-25 06:30:45'),(1065,76,2,'004C00000000000000000000','2021-03-25 06:30:56'),(1066,128,2,'008000000000000000000000','2021-03-25 06:34:16'),(1067,129,2,'008100000000000000000000','2021-03-25 06:34:44'),(1068,157,2,'009D00000000000000000000','2021-03-25 06:35:19'),(1069,157,1,'009D00000000000000000000','2021-03-25 06:42:18'),(1070,134,1,'008600000000000000000000','2021-03-25 06:42:32'),(1071,50,1,'003200000000000000000000','2021-03-25 06:42:58'),(1072,43,1,'002B00000000000000000000','2021-03-25 06:43:08'),(1073,98,1,'006200000000000000000000','2021-03-25 06:45:35'),(1074,160,1,'00A000000000000000000000','2021-03-25 06:45:44'),(1075,159,1,'009F00000000000000000000','2021-03-25 06:46:58'),(1076,29,1,'001D00000000000000000000','2021-03-25 06:47:08'),(1077,212,1,'00D400000000000000000000','2021-03-25 06:48:29'),(1078,226,1,'00E200000000000000000000','2021-03-25 06:48:53'),(1079,202,1,'00CA00000000000000000000','2021-03-25 06:49:56'),(1080,46,1,'002E00000000000000000000','2021-03-25 06:50:08'),(1081,25,1,'001900000000000000000000','2021-03-25 06:50:28'),(1082,282,1,'011A00000000000000000000','2021-03-25 06:50:50'),(1083,283,1,'011B00000000000000000000','2021-03-25 06:52:08'),(1084,56,2,'003800000000000000000000','2021-03-25 06:52:41'),(1085,81,1,'005100000000000000000000','2021-03-25 06:52:48'),(1086,52,2,'003400000000000000000000','2021-03-25 06:52:49'),(1087,66,1,'004200000000000000000000','2021-03-25 06:53:05'),(1088,57,2,'003900000000000000000000','2021-03-25 06:53:15'),(1089,65,1,'004100000000000000000000','2021-03-25 06:53:19'),(1090,68,2,'004400000000000000000000','2021-03-25 06:53:34'),(1091,166,1,'00A600000000000000000000','2021-03-25 06:53:40'),(1092,59,2,'003B00000000000000000000','2021-03-25 06:53:47'),(1093,99,1,'006300000000000000000000','2021-03-25 06:54:46'),(1094,278,1,'011600000000000000000000','2021-03-25 06:55:13'),(1095,114,2,'007200000000000000000000','2021-03-25 06:55:38'),(1096,113,2,'007100000000000000000000','2021-03-25 06:55:49'),(1097,284,1,'011C00000000000000000000','2021-03-25 06:56:32'),(1098,30,1,'001E00000000000000000000','2021-03-25 06:57:04'),(1099,104,2,'006800000000000000000000','2021-03-25 06:58:17'),(1100,168,1,'00A800000000000000000000','2021-03-25 06:58:27'),(1101,111,2,'006F00000000000000000000','2021-03-25 06:58:27'),(1102,106,2,'006A00000000000000000000','2021-03-25 06:58:44'),(1103,4,1,'000400000000000000000000','2021-03-25 06:59:21'),(1104,154,1,'009A00000000000000000000','2021-03-25 06:59:29'),(1105,250,2,'00FA00000000000000000000','2021-03-25 07:00:05'),(1106,155,1,'009B00000000000000000000','2021-03-25 07:00:39'),(1107,10,2,'000A00000000000000000000','2021-03-25 07:01:11'),(1108,240,1,'00F000000000000000000000','2021-03-25 07:01:16'),(1109,11,2,'000B00000000000000000000','2021-03-25 07:01:22'),(1110,179,2,'00B300000000000000000000','2021-03-25 07:01:30'),(1111,24,1,'001800000000000000000000','2021-03-25 07:01:36'),(1112,213,2,'00D500000000000000000000','2021-03-25 07:01:40'),(1113,23,1,'001700000000000000000000','2021-03-25 07:01:48'),(1114,185,2,'00B900000000000000000000','2021-03-25 07:01:52'),(1115,207,2,'00CF00000000000000000000','2021-03-25 07:02:00'),(1116,175,2,'00AF00000000000000000000','2021-03-25 07:02:11'),(1117,80,1,'005000000000000000000000','2021-03-25 07:03:07'),(1118,78,1,'004E00000000000000000000','2021-03-25 07:03:17'),(1119,251,2,'00FB00000000000000000000','2021-03-25 07:03:32'),(1120,230,2,'00E600000000000000000000','2021-03-25 07:03:56'),(1121,205,2,'00CD00000000000000000000','2021-03-25 07:04:21'),(1122,199,2,'00C700000000000000000000','2021-03-25 07:04:34'),(1123,222,2,'00DE00000000000000000000','2021-03-25 07:04:55'),(1124,269,1,'010D00000000000000000000','2021-03-25 07:04:59'),(1125,53,1,'003500000000000000000000','2021-03-25 07:05:39'),(1126,248,1,'00F800000000000000000000','2021-03-25 07:06:00'),(1127,252,2,'00FC00000000000000000000','2021-03-25 07:06:13'),(1128,241,2,'00F100000000000000000000','2021-03-25 07:06:28'),(1129,209,2,'00D100000000000000000000','2021-03-25 07:06:47'),(1130,189,2,'00BD00000000000000000000','2021-03-25 07:07:04'),(1131,187,2,'00BB00000000000000000000','2021-03-25 07:07:27'),(1132,238,1,'00EE00000000000000000000','2021-03-25 07:07:28'),(1133,203,2,'00CB00000000000000000000','2021-03-25 07:07:43'),(1134,178,1,'00B200000000000000000000','2021-03-25 07:07:47'),(1135,224,2,'00E000000000000000000000','2021-03-25 07:08:09'),(1136,263,1,'010700000000000000000000','2021-03-25 07:08:36'),(1137,257,2,'010100000000000000000000','2021-03-25 07:09:33'),(1138,221,2,'00DD00000000000000000000','2021-03-25 07:09:55'),(1139,102,1,'006600000000000000000000','2021-03-25 07:10:19'),(1140,103,1,'006700000000000000000000','2021-03-25 07:10:44'),(1141,71,1,'004700000000000000000000','2021-03-25 07:11:54'),(1142,69,1,'004500000000000000000000','2021-03-25 07:12:24'),(1143,262,1,'010600000000000000000000','2021-03-25 07:14:12'),(1144,58155,1,'E32B77ECD624DC7B0000025C','2021-03-25 07:14:17'),(1145,28,1,'001C00000000000000000000','2021-03-25 07:14:32'),(1146,39,1,'002700000000000000000000','2021-03-25 07:14:44'),(1147,215,2,'00D700000000000000000000','2021-03-25 07:15:19'),(1148,35,1,'002300000000000000000000','2021-03-25 07:15:41'),(1149,192,1,'00C000000000000000000000','2021-03-25 07:16:50'),(1150,233,1,'00E900000000000000000000','2021-03-25 07:17:12'),(1151,170,2,'00AA00000000000000000000','2021-03-25 07:17:17'),(1152,244,1,'00F400000000000000000000','2021-03-25 07:17:45'),(1153,219,1,'00DB00000000000000000000','2021-03-25 07:17:57'),(1154,195,2,'00C300000000000000000000','2021-03-25 07:18:12'),(1155,181,2,'00B500000000000000000000','2021-03-25 07:18:29'),(1156,227,2,'00E300000000000000000000','2021-03-25 07:18:54'),(1157,271,1,'010F00000000000000000000','2021-03-25 07:19:52'),(1158,182,1,'00B600000000000000000000','2021-03-25 07:20:27'),(1159,196,1,'00C400000000000000000000','2021-03-25 07:20:48'),(1160,267,2,'010B00000000000000000000','2021-03-25 07:20:53'),(1161,243,2,'00F300000000000000000000','2021-03-25 07:21:07'),(1162,171,1,'00AB00000000000000000000','2021-03-25 07:21:41'),(1163,232,2,'00E800000000000000000000','2021-03-25 07:21:43'),(1164,191,2,'00BF00000000000000000000','2021-03-25 07:22:02'),(1165,7,2,'000700000000000000000000','2021-03-25 07:22:57'),(1166,268,1,'010C00000000000000000000','2021-03-25 07:23:13'),(1167,26,2,'001A00000000000000000000','2021-03-25 07:23:14'),(1168,27,2,'001B00000000000000000000','2021-03-25 07:23:25'),(1169,143,2,'008F00000000000000000000','2021-03-25 07:23:37'),(1170,58155,2,'E32B77ECD624DC7B00000419','2021-03-25 07:23:38'),(1171,216,1,'00D800000000000000000000','2021-03-25 07:23:53'),(1172,253,2,'00FD00000000000000000000','2021-03-25 07:25:08'),(1173,15,2,'000F00000000000000000000','2021-03-25 07:25:37'),(1174,14,2,'000E00000000000000000000','2021-03-25 07:25:54'),(1175,236,2,'00EC00000000000000000000','2021-03-25 07:27:18'),(1176,100,2,'006400000000000000000000','2021-03-25 07:27:31'),(1177,101,2,'006500000000000000000000','2021-03-25 07:27:37'),(1178,169,2,'00A900000000000000000000','2021-03-25 07:28:20'),(1179,255,2,'00FF00000000000000000000','2021-03-25 07:29:12'),(1180,84,1,'005400000000000000000000','2021-03-25 07:29:21'),(1181,237,2,'00ED00000000000000000000','2021-03-25 07:30:31'),(1182,264,1,'010800000000000000000000','2021-03-25 07:31:00'),(1183,204,1,'00CC00000000000000000000','2021-03-25 07:31:31'),(1184,188,1,'00BC00000000000000000000','2021-03-25 07:31:48'),(1185,247,2,'00F700000000000000000000','2021-03-25 07:31:58'),(1186,190,1,'00BE00000000000000000000','2021-03-25 07:32:06'),(1187,130,2,'008200000000000000000000','2021-03-25 07:32:11'),(1188,131,2,'008300000000000000000000','2021-03-25 07:32:17'),(1189,210,1,'00D200000000000000000000','2021-03-25 07:32:20'),(1190,133,2,'008500000000000000000000','2021-03-25 07:32:31'),(1191,242,1,'00F200000000000000000000','2021-03-25 07:32:33'),(1192,142,2,'008E00000000000000000000','2021-03-25 07:32:42'),(1193,265,2,'010900000000000000000000','2021-03-25 07:33:22'),(1194,261,1,'010500000000000000000000','2021-03-25 07:34:03'),(1195,125,2,'007D00000000000000000000','2021-03-25 07:34:35'),(1196,200,1,'00C800000000000000000000','2021-03-25 07:34:35'),(1197,206,1,'00CE00000000000000000000','2021-03-25 07:34:49'),(1198,135,2,'008700000000000000000000','2021-03-25 07:34:58'),(1199,138,2,'008A00000000000000000000','2021-03-25 07:35:06'),(1200,231,1,'00E700000000000000000000','2021-03-25 07:35:11'),(1201,75,2,'004B00000000000000000000','2021-03-25 07:35:14'),(1202,74,2,'004A00000000000000000000','2021-03-25 07:35:21'),(1203,201,1,'00C900000000000000000000','2021-03-25 07:35:33'),(1204,17,2,'001100000000000000000000','2021-03-25 07:35:50'),(1205,20,2,'001400000000000000000000','2021-03-25 07:35:55'),(1206,22,2,'001600000000000000000000','2021-03-25 07:36:04'),(1207,260,1,'010400000000000000000000','2021-03-25 07:36:15'),(1208,239,2,'00EF00000000000000000000','2021-03-25 07:36:19'),(1209,223,2,'00DF00000000000000000000','2021-03-25 07:36:44'),(1210,208,1,'00D000000000000000000000','2021-03-25 07:37:20'),(1211,186,1,'00BA00000000000000000000','2021-03-25 07:37:32'),(1212,214,1,'00D600000000000000000000','2021-03-25 07:37:46'),(1213,180,1,'00B400000000000000000000','2021-03-25 07:37:56'),(1214,147,2,'009300000000000000000000','2021-03-25 07:38:05'),(1215,12,1,'000C00000000000000000000','2021-03-25 07:38:08'),(1216,8,1,'000800000000000000000000','2021-03-25 07:38:14'),(1217,5,1,'000500000000000000000000','2021-03-25 07:38:19'),(1218,3,2,'000300000000000000000000','2021-03-25 07:38:20'),(1219,141,1,'008D00000000000000000000','2021-03-25 07:39:04'),(1220,167,2,'00A700000000000000000000','2021-03-25 07:39:08'),(1221,120,1,'007800000000000000000000','2021-03-25 07:39:38'),(1222,174,2,'00AE00000000000000000000','2021-03-25 07:40:40'),(1223,122,1,'007A00000000000000000000','2021-03-25 07:40:48'),(1224,2,2,'000200000000000000000000','2021-03-25 07:41:03'),(1225,152,2,'009800000000000000000000','2021-03-25 07:41:11'),(1226,277,2,'011500000000000000000000','2021-03-25 07:42:42'),(1227,249,2,'00F900000000000000000000','2021-03-25 07:43:14'),(1228,115,1,'007300000000000000000000','2021-03-25 07:43:26'),(1229,114,1,'007200000000000000000000','2021-03-25 07:43:39'),(1230,165,2,'00A500000000000000000000','2021-03-25 07:44:26'),(1231,59,1,'003B00000000000000000000','2021-03-25 07:45:23'),(1232,90,2,'005A00000000000000000000','2021-03-25 07:45:32'),(1233,68,1,'004400000000000000000000','2021-03-25 07:45:38'),(1234,92,2,'005C00000000000000000000','2021-03-25 07:45:43'),(1235,57,1,'003900000000000000000000','2021-03-25 07:45:59'),(1236,52,1,'003400000000000000000000','2021-03-25 07:46:24'),(1237,51,1,'003300000000000000000000','2021-03-25 07:46:29'),(1238,280,2,'011800000000000000000000','2021-03-25 07:46:35'),(1239,40,1,'002800000000000000000000','2021-03-25 07:46:40'),(1240,274,1,'011200000000000000000000','2021-03-25 07:47:01'),(1241,281,2,'011900000000000000000000','2021-03-25 07:48:14'),(1242,85,2,'005500000000000000000000','2021-03-25 07:48:52'),(1243,47,2,'002F00000000000000000000','2021-03-25 07:49:18'),(1244,225,2,'00E100000000000000000000','2021-03-25 07:50:28'),(1245,1,2,'000100000000000000000000','2021-03-25 07:52:17'),(1246,150,2,'009600000000000000000000','2021-03-25 07:52:28'),(1247,151,2,'009700000000000000000000','2021-03-25 07:53:50'),(1248,76,2,'004C00000000000000000000','2021-03-25 07:54:07'),(1249,128,2,'008000000000000000000000','2021-03-25 07:56:23'),(1250,129,2,'008100000000000000000000','2021-03-25 07:56:48'),(1251,157,2,'009D00000000000000000000','2021-03-25 07:57:17'),(1252,274,2,'011200000000000000000000','2021-03-25 07:58:53'),(1253,51,2,'003300000000000000000000','2021-03-25 08:01:03'),(1254,52,2,'003400000000000000000000','2021-03-25 08:01:09'),(1255,57,2,'003900000000000000000000','2021-03-25 08:01:37'),(1256,68,2,'004400000000000000000000','2021-03-25 08:01:56'),(1257,59,2,'003B00000000000000000000','2021-03-25 08:02:10'),(1258,114,2,'007200000000000000000000','2021-03-25 08:04:20'),(1259,113,2,'007100000000000000000000','2021-03-25 08:04:38'),(1260,134,1,'008600000000000000000000','2021-03-25 08:05:49'),(1261,50,1,'003200000000000000000000','2021-03-25 08:06:10'),(1262,43,1,'002B00000000000000000000','2021-03-25 08:06:21'),(1263,104,2,'006800000000000000000000','2021-03-25 08:07:44'),(1264,111,2,'006F00000000000000000000','2021-03-25 08:07:54'),(1265,106,2,'006A00000000000000000000','2021-03-25 08:08:11'),(1266,98,1,'006200000000000000000000','2021-03-25 08:08:27'),(1267,160,1,'00A000000000000000000000','2021-03-25 08:08:35'),(1268,250,2,'00FA00000000000000000000','2021-03-25 08:09:28'),(1269,159,1,'009F00000000000000000000','2021-03-25 08:09:46'),(1270,29,1,'001D00000000000000000000','2021-03-25 08:09:58'),(1271,10,2,'000A00000000000000000000','2021-03-25 08:10:44'),(1272,11,2,'000B00000000000000000000','2021-03-25 08:10:58'),(1273,179,2,'00B300000000000000000000','2021-03-25 08:11:09'),(1274,213,2,'00D500000000000000000000','2021-03-25 08:11:22'),(1275,212,1,'00D400000000000000000000','2021-03-25 08:11:25'),(1276,185,2,'00B900000000000000000000','2021-03-25 08:11:36'),(1277,207,2,'00CF00000000000000000000','2021-03-25 08:11:45'),(1278,226,1,'00E200000000000000000000','2021-03-25 08:11:50'),(1279,175,2,'00AF00000000000000000000','2021-03-25 08:11:57'),(1280,202,1,'00CA00000000000000000000','2021-03-25 08:12:45'),(1281,46,1,'002E00000000000000000000','2021-03-25 08:12:54'),(1282,25,1,'001900000000000000000000','2021-03-25 08:13:08'),(1283,251,2,'00FB00000000000000000000','2021-03-25 08:13:14'),(1284,282,1,'011A00000000000000000000','2021-03-25 08:13:25'),(1285,13109,2,'3335393634345531','2021-03-25 08:13:29'),(1286,230,2,'00E600000000000000000000','2021-03-25 08:13:38'),(1287,205,2,'00CD00000000000000000000','2021-03-25 08:14:01'),(1288,199,2,'00C700000000000000000000','2021-03-25 08:14:12'),(1289,222,2,'00DE00000000000000000000','2021-03-25 08:14:31'),(1290,283,1,'011B00000000000000000000','2021-03-25 08:14:31'),(1291,81,1,'005100000000000000000000','2021-03-25 08:15:08'),(1292,66,1,'004200000000000000000000','2021-03-25 08:15:22'),(1293,65,1,'004100000000000000000000','2021-03-25 08:15:35'),(1294,166,1,'00A600000000000000000000','2021-03-25 08:15:55'),(1295,252,2,'00FC00000000000000000000','2021-03-25 08:16:23'),(1296,241,2,'00F100000000000000000000','2021-03-25 08:16:39'),(1297,209,2,'00D100000000000000000000','2021-03-25 08:16:57'),(1298,99,1,'006300000000000000000000','2021-03-25 08:17:04'),(1299,189,2,'00BD00000000000000000000','2021-03-25 08:17:13'),(1300,278,1,'011600000000000000000000','2021-03-25 08:17:24'),(1301,187,2,'00BB00000000000000000000','2021-03-25 08:17:32'),(1302,203,2,'00CB00000000000000000000','2021-03-25 08:17:46'),(1303,224,2,'00E000000000000000000000','2021-03-25 08:18:09'),(1304,284,1,'011C00000000000000000000','2021-03-25 08:18:38'),(1305,30,1,'001E00000000000000000000','2021-03-25 08:19:10'),(1306,257,2,'010100000000000000000000','2021-03-25 08:19:37'),(1307,221,2,'00DD00000000000000000000','2021-03-25 08:19:58'),(1308,168,1,'00A800000000000000000000','2021-03-25 08:20:29'),(1309,4,1,'000400000000000000000000','2021-03-25 08:21:20'),(1310,154,1,'009A00000000000000000000','2021-03-25 08:21:29'),(1311,155,1,'009B00000000000000000000','2021-03-25 08:23:36'),(1312,240,1,'00F000000000000000000000','2021-03-25 08:24:09'),(1313,24,1,'001800000000000000000000','2021-03-25 08:24:23'),(1314,23,1,'001700000000000000000000','2021-03-25 08:24:32'),(1315,215,2,'00D700000000000000000000','2021-03-25 08:25:05'),(1316,80,1,'005000000000000000000000','2021-03-25 08:26:24'),(1317,78,1,'004E00000000000000000000','2021-03-25 08:26:33'),(1318,170,2,'00AA00000000000000000000','2021-03-25 08:27:01'),(1319,269,1,'010D00000000000000000000','2021-03-25 08:27:57'),(1320,195,2,'00C300000000000000000000','2021-03-25 08:28:00'),(1321,181,2,'00B500000000000000000000','2021-03-25 08:28:20'),(1322,53,1,'003500000000000000000000','2021-03-25 08:28:25'),(1323,248,1,'00F800000000000000000000','2021-03-25 08:28:43'),(1324,227,2,'00E300000000000000000000','2021-03-25 08:28:44'),(1325,238,1,'00EE00000000000000000000','2021-03-25 08:30:03'),(1326,267,2,'010B00000000000000000000','2021-03-25 08:30:20'),(1327,178,1,'00B200000000000000000000','2021-03-25 08:30:21'),(1328,243,2,'00F300000000000000000000','2021-03-25 08:30:38'),(1329,263,1,'010700000000000000000000','2021-03-25 08:30:53'),(1330,232,2,'00E800000000000000000000','2021-03-25 08:31:30'),(1331,191,2,'00BF00000000000000000000','2021-03-25 08:32:23'),(1332,103,1,'006700000000000000000000','2021-03-25 08:32:35'),(1333,71,1,'004700000000000000000000','2021-03-25 08:33:42'),(1334,7,2,'000700000000000000000000','2021-03-25 08:33:44'),(1335,26,2,'001A00000000000000000000','2021-03-25 08:34:02'),(1336,27,2,'001B00000000000000000000','2021-03-25 08:34:12'),(1337,69,1,'004500000000000000000000','2021-03-25 08:34:15'),(1338,143,2,'008F00000000000000000000','2021-03-25 08:34:22'),(1339,58155,2,'E32B77ECD624DC7B00000419','2021-03-25 08:34:23'),(1340,253,2,'00FD00000000000000000000','2021-03-25 08:35:33'),(1341,262,1,'010600000000000000000000','2021-03-25 08:35:54'),(1342,58155,1,'E32B77ECD624DC7B0000025C','2021-03-25 08:35:58'),(1343,15,2,'000F00000000000000000000','2021-03-25 08:36:01'),(1344,28,1,'001C00000000000000000000','2021-03-25 08:36:13'),(1345,14,2,'000E00000000000000000000','2021-03-25 08:36:15'),(1346,39,1,'002700000000000000000000','2021-03-25 08:36:25'),(1347,236,2,'00EC00000000000000000000','2021-03-25 08:37:27'),(1348,35,1,'002300000000000000000000','2021-03-25 08:37:33'),(1349,100,2,'006400000000000000000000','2021-03-25 08:37:41'),(1350,101,2,'006500000000000000000000','2021-03-25 08:37:48'),(1351,169,2,'00A900000000000000000000','2021-03-25 08:38:25'),(1352,192,1,'00C000000000000000000000','2021-03-25 08:38:40'),(1353,233,1,'00E900000000000000000000','2021-03-25 08:38:59'),(1354,255,2,'00FF00000000000000000000','2021-03-25 08:39:08'),(1355,244,1,'00F400000000000000000000','2021-03-25 08:39:28'),(1356,219,1,'00DB00000000000000000000','2021-03-25 08:39:37'),(1357,237,2,'00ED00000000000000000000','2021-03-25 08:40:12'),(1358,271,1,'010F00000000000000000000','2021-03-25 08:41:06'),(1359,247,2,'00F700000000000000000000','2021-03-25 08:41:37'),(1360,182,1,'00B600000000000000000000','2021-03-25 08:41:38'),(1361,130,2,'008200000000000000000000','2021-03-25 08:41:56'),(1362,196,1,'00C400000000000000000000','2021-03-25 08:41:58'),(1363,131,2,'008300000000000000000000','2021-03-25 08:42:03'),(1364,133,2,'008500000000000000000000','2021-03-25 08:42:18'),(1365,142,2,'008E00000000000000000000','2021-03-25 08:42:28'),(1366,171,1,'00AB00000000000000000000','2021-03-25 08:42:43'),(1367,265,2,'010900000000000000000000','2021-03-25 08:43:41'),(1368,268,1,'010C00000000000000000000','2021-03-25 08:44:02'),(1369,125,2,'007D00000000000000000000','2021-03-25 08:44:07'),(1370,216,1,'00D800000000000000000000','2021-03-25 08:44:31'),(1371,135,2,'008700000000000000000000','2021-03-25 08:44:38'),(1372,138,2,'008A00000000000000000000','2021-03-25 08:44:50'),(1373,75,2,'004B00000000000000000000','2021-03-25 08:45:00'),(1374,74,2,'004A00000000000000000000','2021-03-25 08:45:09'),(1375,17,2,'001100000000000000000000','2021-03-25 08:45:41'),(1376,20,2,'001400000000000000000000','2021-03-25 08:45:48'),(1377,22,2,'001600000000000000000000','2021-03-25 08:45:59'),(1378,239,2,'00EF00000000000000000000','2021-03-25 08:46:16'),(1379,223,2,'00DF00000000000000000000','2021-03-25 08:46:42'),(1380,147,2,'009300000000000000000000','2021-03-25 08:47:59'),(1381,3,2,'000300000000000000000000','2021-03-25 08:48:14'),(1382,167,2,'00A700000000000000000000','2021-03-25 08:49:05'),(1383,84,1,'005400000000000000000000','2021-03-25 08:49:18'),(1384,174,2,'00AE00000000000000000000','2021-03-25 08:50:25'),(1385,2,2,'000200000000000000000000','2021-03-25 08:50:45'),(1386,264,1,'010800000000000000000000','2021-03-25 08:50:51'),(1387,152,2,'009800000000000000000000','2021-03-25 08:50:52'),(1388,204,1,'00CC00000000000000000000','2021-03-25 08:51:19'),(1389,188,1,'00BC00000000000000000000','2021-03-25 08:51:34'),(1390,190,1,'00BE00000000000000000000','2021-03-25 08:51:51'),(1391,210,1,'00D200000000000000000000','2021-03-25 08:52:05'),(1392,277,2,'011500000000000000000000','2021-03-25 08:52:07'),(1393,242,1,'00F200000000000000000000','2021-03-25 08:52:18'),(1394,249,2,'00F900000000000000000000','2021-03-25 08:52:36'),(1395,261,1,'010500000000000000000000','2021-03-25 08:53:34'),(1396,165,2,'00A500000000000000000000','2021-03-25 08:53:38'),(1397,200,1,'00C800000000000000000000','2021-03-25 08:54:03'),(1398,206,1,'00CE00000000000000000000','2021-03-25 08:54:16'),(1399,231,1,'00E700000000000000000000','2021-03-25 08:54:34'),(1400,90,2,'005A00000000000000000000','2021-03-25 08:54:36'),(1401,92,2,'005C00000000000000000000','2021-03-25 08:54:46'),(1402,201,1,'00C900000000000000000000','2021-03-25 08:54:49'),(1403,260,1,'010400000000000000000000','2021-03-25 08:55:23'),(1404,280,2,'011800000000000000000000','2021-03-25 08:55:28'),(1405,208,1,'00D000000000000000000000','2021-03-25 08:56:14'),(1406,186,1,'00BA00000000000000000000','2021-03-25 08:56:25'),(1407,214,1,'00D600000000000000000000','2021-03-25 08:56:38'),(1408,180,1,'00B400000000000000000000','2021-03-25 08:56:48'),(1409,281,2,'011900000000000000000000','2021-03-25 08:56:53'),(1410,12,1,'000C00000000000000000000','2021-03-25 08:56:59'),(1411,8,1,'000800000000000000000000','2021-03-25 08:57:05'),(1412,5,1,'000500000000000000000000','2021-03-25 08:57:10'),(1413,85,2,'005500000000000000000000','2021-03-25 08:57:26'),(1414,47,2,'002F00000000000000000000','2021-03-25 08:57:50'),(1415,141,1,'008D00000000000000000000','2021-03-25 08:57:58'),(1416,120,1,'007800000000000000000000','2021-03-25 08:58:33'),(1417,225,2,'00E100000000000000000000','2021-03-25 08:58:58'),(1418,211,2,'00D300000000000000000000','2021-03-25 08:59:20'),(1419,119,1,'007700000000000000000000','2021-03-25 08:59:22'),(1420,1,2,'000100000000000000000000','2021-03-25 09:00:28'),(1421,150,2,'009600000000000000000000','2021-03-25 09:00:39'),(1422,151,2,'009700000000000000000000','2021-03-25 09:01:51'),(1423,76,2,'004C00000000000000000000','2021-03-25 09:02:09'),(1424,93,1,'005D00000000000000000000','2021-03-25 09:04:47'),(1425,128,2,'008000000000000000000000','2021-03-25 09:04:51'),(1426,89,1,'005900000000000000000000','2021-03-25 09:05:02'),(1427,88,1,'005800000000000000000000','2021-03-25 09:05:07'),(1428,129,2,'008100000000000000000000','2021-03-25 09:05:16'),(1429,63,1,'003F00000000000000000000','2021-03-25 09:05:23'),(1430,157,2,'009D00000000000000000000','2021-03-25 09:05:47'),(1431,61,1,'003D00000000000000000000','2021-03-25 09:06:18'),(1432,60,1,'003C00000000000000000000','2021-03-25 09:06:36'),(1433,45,1,'002D00000000000000000000','2021-03-25 09:07:23'),(1434,40,1,'002800000000000000000000','2021-03-25 09:07:40'),(1435,38,1,'002600000000000000000000','2021-03-25 09:07:54'),(1436,273,1,'011100000000000000000000','2021-03-25 09:08:09'),(1437,273,2,'011100000000000000000000','2021-03-25 09:29:39'),(1438,38,2,'002600000000000000000000','2021-03-25 09:29:55'),(1439,40,2,'002800000000000000000000','2021-03-25 09:30:05'),(1440,45,2,'002D00000000000000000000','2021-03-25 09:30:22'),(1441,60,2,'003C00000000000000000000','2021-03-25 09:31:06'),(1442,61,2,'003D00000000000000000000','2021-03-25 09:31:24'),(1443,63,2,'003F00000000000000000000','2021-03-25 09:32:17'),(1444,88,2,'005800000000000000000000','2021-03-25 09:32:33'),(1445,89,2,'005900000000000000000000','2021-03-25 09:32:37'),(1446,72,2,'004800000000000000000000','2021-03-25 09:32:54'),(1447,105,2,'006900000000000000000000','2021-03-25 09:36:31'),(1448,106,2,'006A00000000000000000000','2021-03-25 09:36:42'),(1449,250,2,'00FA00000000000000000000','2021-03-25 09:37:56'),(1450,10,2,'000A00000000000000000000','2021-03-25 09:39:52'),(1451,11,2,'000B00000000000000000000','2021-03-25 09:40:04'),(1452,179,2,'00B300000000000000000000','2021-03-25 09:40:15'),(1453,213,2,'00D500000000000000000000','2021-03-25 09:40:27'),(1454,185,2,'00B900000000000000000000','2021-03-25 09:40:39'),(1455,207,2,'00CF00000000000000000000','2021-03-25 09:40:47'),(1456,175,2,'00AF00000000000000000000','2021-03-25 09:40:56'),(1457,251,2,'00FB00000000000000000000','2021-03-25 09:42:21'),(1458,230,2,'00E600000000000000000000','2021-03-25 09:42:44'),(1459,205,2,'00CD00000000000000000000','2021-03-25 09:43:08'),(1460,199,2,'00C700000000000000000000','2021-03-25 09:43:20'),(1461,222,2,'00DE00000000000000000000','2021-03-25 09:43:39'),(1462,252,2,'00FC00000000000000000000','2021-03-25 09:44:59'),(1463,241,2,'00F100000000000000000000','2021-03-25 09:45:13'),(1464,209,2,'00D100000000000000000000','2021-03-25 09:45:32'),(1465,189,2,'00BD00000000000000000000','2021-03-25 09:45:47'),(1466,187,2,'00BB00000000000000000000','2021-03-25 09:46:05'),(1467,203,2,'00CB00000000000000000000','2021-03-25 09:46:18'),(1468,224,2,'00E000000000000000000000','2021-03-25 09:46:41'),(1469,257,2,'010100000000000000000000','2021-03-25 09:47:57'),(1470,221,2,'00DD00000000000000000000','2021-03-25 09:48:16'),(1471,215,2,'00D700000000000000000000','2021-03-25 09:53:55'),(1472,170,2,'00AA00000000000000000000','2021-03-25 09:55:46'),(1473,195,2,'00C300000000000000000000','2021-03-25 09:56:43'),(1474,181,2,'00B500000000000000000000','2021-03-25 09:57:00'),(1475,227,2,'00E300000000000000000000','2021-03-25 09:57:20'),(1476,267,2,'010B00000000000000000000','2021-03-25 09:59:10'),(1477,243,2,'00F300000000000000000000','2021-03-25 09:59:24'),(1478,232,2,'00E800000000000000000000','2021-03-25 09:59:59'),(1479,191,2,'00BF00000000000000000000','2021-03-25 10:00:19'),(1480,7,2,'000700000000000000000000','2021-03-25 10:01:08'),(1481,26,2,'001A00000000000000000000','2021-03-25 10:01:24'),(1482,27,2,'001B00000000000000000000','2021-03-25 10:01:35'),(1483,143,2,'008F00000000000000000000','2021-03-25 10:01:45'),(1484,58155,2,'E32B77ECD624DC7B00000419','2021-03-25 10:01:46'),(1485,253,2,'00FD00000000000000000000','2021-03-25 10:03:05'),(1486,15,2,'000F00000000000000000000','2021-03-25 10:03:36'),(1487,14,2,'000E00000000000000000000','2021-03-25 10:03:52'),(1488,236,2,'00EC00000000000000000000','2021-03-25 10:05:13'),(1489,100,2,'006400000000000000000000','2021-03-25 10:05:27'),(1490,101,2,'006500000000000000000000','2021-03-25 10:05:33'),(1491,169,2,'00A900000000000000000000','2021-03-25 10:06:36'),(1492,255,2,'00FF00000000000000000000','2021-03-25 10:07:13'),(1493,237,2,'00ED00000000000000000000','2021-03-25 10:08:32'),(1494,247,2,'00F700000000000000000000','2021-03-25 10:10:37'),(1495,130,2,'008200000000000000000000','2021-03-25 10:11:35'),(1496,131,2,'008300000000000000000000','2021-03-25 10:11:46'),(1497,133,2,'008500000000000000000000','2021-03-25 10:11:58'),(1498,142,2,'008E00000000000000000000','2021-03-25 10:12:06'),(1499,265,2,'010900000000000000000000','2021-03-25 10:13:39'),(1500,125,2,'007D00000000000000000000','2021-03-25 10:13:58'),(1501,135,2,'008700000000000000000000','2021-03-25 10:14:24'),(1502,138,2,'008A00000000000000000000','2021-03-25 10:14:34'),(1503,75,2,'004B00000000000000000000','2021-03-25 10:14:42'),(1504,74,2,'004A00000000000000000000','2021-03-25 10:14:49'),(1505,17,2,'001100000000000000000000','2021-03-25 10:15:18'),(1506,20,2,'001400000000000000000000','2021-03-25 10:15:24'),(1507,22,2,'001600000000000000000000','2021-03-25 10:15:33'),(1508,239,2,'00EF00000000000000000000','2021-03-25 10:15:46'),(1509,223,2,'00DF00000000000000000000','2021-03-25 10:16:07'),(1510,147,2,'009300000000000000000000','2021-03-25 10:17:28'),(1511,3,2,'000300000000000000000000','2021-03-25 10:17:43'),(1512,167,2,'00A700000000000000000000','2021-03-25 10:18:28'),(1513,174,2,'00AE00000000000000000000','2021-03-25 10:19:40'),(1514,2,2,'000200000000000000000000','2021-03-25 10:19:58'),(1515,152,2,'009800000000000000000000','2021-03-25 10:20:05'),(1516,277,2,'011500000000000000000000','2021-03-25 10:21:38'),(1517,249,2,'00F900000000000000000000','2021-03-25 10:22:08'),(1518,165,2,'00A500000000000000000000','2021-03-25 10:23:08'),(1519,90,2,'005A00000000000000000000','2021-03-25 10:24:36'),(1520,92,2,'005C00000000000000000000','2021-03-25 10:24:47'),(1521,280,2,'011800000000000000000000','2021-03-25 10:25:31'),(1522,281,2,'011900000000000000000000','2021-03-25 10:27:03'),(1523,85,2,'005500000000000000000000','2021-03-25 10:27:37'),(1524,47,2,'002F00000000000000000000','2021-03-25 10:28:02'),(1525,225,2,'00E100000000000000000000','2021-03-25 10:29:10'),(1526,211,2,'00D300000000000000000000','2021-03-25 10:29:31'),(1527,1,2,'000100000000000000000000','2021-03-25 10:30:44'),(1528,150,2,'009600000000000000000000','2021-03-25 10:30:53'),(1529,151,2,'009700000000000000000000','2021-03-25 10:32:09'),(1530,76,2,'004C00000000000000000000','2021-03-25 10:32:27'),(1531,128,2,'008000000000000000000000','2021-03-25 10:36:06'),(1532,129,2,'008100000000000000000000','2021-03-25 10:36:37'),(1533,157,2,'009D00000000000000000000','2021-03-25 10:37:07'),(1534,50,1,'003200000000000000000000','2021-03-25 10:44:39'),(1535,58155,1,'E32B77ECD624DC7B000004BF','2021-03-25 10:44:50'),(1536,43,1,'002B00000000000000000000','2021-03-25 10:44:51'),(1537,98,1,'006200000000000000000000','2021-03-25 10:47:12'),(1538,160,1,'00A000000000000000000000','2021-03-25 10:47:19'),(1539,159,1,'009F00000000000000000000','2021-03-25 10:47:35'),(1540,29,1,'001D00000000000000000000','2021-03-25 10:47:40'),(1541,56,2,'003800000000000000000000','2021-03-25 10:48:30'),(1542,52,2,'003400000000000000000000','2021-03-25 10:48:40'),(1543,212,1,'00D400000000000000000000','2021-03-25 10:48:50'),(1544,57,2,'003900000000000000000000','2021-03-25 10:49:13'),(1545,226,1,'00E200000000000000000000','2021-03-25 10:49:14'),(1546,68,2,'004400000000000000000000','2021-03-25 10:49:35'),(1547,59,2,'003B00000000000000000000','2021-03-25 10:49:51'),(1548,202,1,'00CA00000000000000000000','2021-03-25 10:50:09'),(1549,46,1,'002E00000000000000000000','2021-03-25 10:50:18'),(1550,25,1,'001900000000000000000000','2021-03-25 10:50:31'),(1551,282,1,'011A00000000000000000000','2021-03-25 10:50:48'),(1552,283,1,'011B00000000000000000000','2021-03-25 10:51:15'),(1553,81,1,'005100000000000000000000','2021-03-25 10:51:43'),(1554,114,2,'007200000000000000000000','2021-03-25 10:51:57'),(1555,66,1,'004200000000000000000000','2021-03-25 10:52:03'),(1556,113,2,'007100000000000000000000','2021-03-25 10:52:16'),(1557,65,1,'004100000000000000000000','2021-03-25 10:53:09'),(1558,166,1,'00A600000000000000000000','2021-03-25 10:53:45'),(1559,104,2,'006800000000000000000000','2021-03-25 10:54:48'),(1560,111,2,'006F00000000000000000000','2021-03-25 10:54:57'),(1561,106,2,'006A00000000000000000000','2021-03-25 10:55:17'),(1562,99,1,'006300000000000000000000','2021-03-25 10:55:39'),(1563,278,1,'011600000000000000000000','2021-03-25 10:56:03'),(1564,284,1,'011C00000000000000000000','2021-03-25 10:56:29'),(1565,250,2,'00FA00000000000000000000','2021-03-25 10:56:35'),(1566,30,1,'001E00000000000000000000','2021-03-25 10:56:51'),(1567,168,1,'00A800000000000000000000','2021-03-25 10:58:06'),(1568,10,2,'000A00000000000000000000','2021-03-25 10:58:29'),(1569,11,2,'000B00000000000000000000','2021-03-25 10:58:42'),(1570,4,1,'000400000000000000000000','2021-03-25 10:58:49'),(1571,179,2,'00B300000000000000000000','2021-03-25 10:58:53'),(1572,154,1,'009A00000000000000000000','2021-03-25 10:58:56'),(1573,213,2,'00D500000000000000000000','2021-03-25 10:59:05'),(1574,185,2,'00B900000000000000000000','2021-03-25 10:59:18'),(1575,155,1,'009B00000000000000000000','2021-03-25 10:59:20'),(1576,207,2,'00CF00000000000000000000','2021-03-25 10:59:26'),(1577,175,2,'00AF00000000000000000000','2021-03-25 10:59:34'),(1578,240,1,'00F000000000000000000000','2021-03-25 10:59:59'),(1579,24,1,'001800000000000000000000','2021-03-25 11:00:23'),(1580,20,1,'001400000000000000000000','2021-03-25 11:01:03'),(1581,251,2,'00FB00000000000000000000','2021-03-25 11:01:18'),(1582,230,2,'00E600000000000000000000','2021-03-25 11:01:46'),(1583,205,2,'00CD00000000000000000000','2021-03-25 11:02:16'),(1584,31,1,'001F00000000000000000000','2021-03-25 11:02:19'),(1585,199,2,'00C700000000000000000000','2021-03-25 11:02:28'),(1586,32,1,'002000000000000000000000','2021-03-25 11:02:37'),(1587,222,2,'00DE00000000000000000000','2021-03-25 11:02:48'),(1588,41,1,'002900000000000000000000','2021-03-25 11:03:46'),(1589,252,2,'00FC00000000000000000000','2021-03-25 11:03:57'),(1590,73,1,'004900000000000000000000','2021-03-25 11:04:05'),(1591,241,2,'00F100000000000000000000','2021-03-25 11:04:13'),(1592,209,2,'00D100000000000000000000','2021-03-25 11:04:36'),(1593,189,2,'00BD00000000000000000000','2021-03-25 11:04:57'),(1594,187,2,'00BB00000000000000000000','2021-03-25 11:05:24'),(1595,203,2,'00CB00000000000000000000','2021-03-25 11:05:43'),(1596,224,2,'00E000000000000000000000','2021-03-25 11:06:14'),(1597,257,2,'010100000000000000000000','2021-03-25 11:07:42'),(1598,221,2,'00DD00000000000000000000','2021-03-25 11:08:03'),(1599,217,2,'00D900000000000000000000','2021-03-25 11:13:21'),(1600,172,2,'00AC00000000000000000000','2021-03-25 11:14:08'),(1601,197,2,'00C500000000000000000000','2021-03-25 11:14:56'),(1602,183,2,'00B700000000000000000000','2021-03-25 11:15:14'),(1603,228,2,'00E400000000000000000000','2021-03-25 11:15:34'),(1604,256,2,'010000000000000000000000','2021-03-25 11:16:09'),(1605,245,2,'00F500000000000000000000','2021-03-25 11:16:22'),(1606,234,2,'00EA00000000000000000000','2021-03-25 11:16:58'),(1607,193,2,'00C100000000000000000000','2021-03-25 11:17:22'),(1608,26,2,'001A00000000000000000000','2021-03-25 11:20:35'),(1609,27,2,'001B00000000000000000000','2021-03-25 11:20:45'),(1610,143,2,'008F00000000000000000000','2021-03-25 11:20:56'),(1611,58155,2,'E32B77ECD624DC7B00000419','2021-03-25 11:20:57'),(1612,253,2,'00FD00000000000000000000','2021-03-25 11:22:25'),(1613,15,2,'000F00000000000000000000','2021-03-25 11:23:04'),(1614,14,2,'000E00000000000000000000','2021-03-25 11:23:24'),(1615,236,2,'00EC00000000000000000000','2021-03-25 11:24:53'),(1616,100,2,'006400000000000000000000','2021-03-25 11:25:12'),(1617,101,2,'006500000000000000000000','2021-03-25 11:25:20'),(1618,169,2,'00A900000000000000000000','2021-03-25 11:25:56'),(1619,255,2,'00FF00000000000000000000','2021-03-25 11:26:33'),(1620,237,2,'00ED00000000000000000000','2021-03-25 11:27:35'),(1621,247,2,'00F700000000000000000000','2021-03-25 11:29:00'),(1622,130,2,'008200000000000000000000','2021-03-25 11:29:20'),(1623,131,2,'008300000000000000000000','2021-03-25 11:29:29'),(1624,133,2,'008500000000000000000000','2021-03-25 11:29:45'),(1625,142,2,'008E00000000000000000000','2021-03-25 11:29:57'),(1626,265,2,'010900000000000000000000','2021-03-25 11:30:34'),(1627,125,2,'007D00000000000000000000','2021-03-25 11:32:01'),(1628,135,2,'008700000000000000000000','2021-03-25 11:32:42'),(1629,138,2,'008A00000000000000000000','2021-03-25 11:32:53'),(1630,75,2,'004B00000000000000000000','2021-03-25 11:33:02'),(1631,74,2,'004A00000000000000000000','2021-03-25 11:33:10'),(1632,17,2,'001100000000000000000000','2021-03-25 11:33:39'),(1633,20,2,'001400000000000000000000','2021-03-25 11:33:45'),(1634,22,2,'001600000000000000000000','2021-03-25 11:33:53'),(1635,239,2,'00EF00000000000000000000','2021-03-25 11:34:05'),(1636,223,2,'00DF00000000000000000000','2021-03-25 11:34:27'),(1637,147,2,'009300000000000000000000','2021-03-25 11:35:48'),(1638,3,2,'000300000000000000000000','2021-03-25 11:36:06'),(1639,167,2,'00A700000000000000000000','2021-03-25 11:36:57'),(1640,174,2,'00AE00000000000000000000','2021-03-25 11:38:12'),(1641,2,2,'000200000000000000000000','2021-03-25 11:38:31'),(1642,152,2,'009800000000000000000000','2021-03-25 11:38:37'),(1643,277,2,'011500000000000000000000','2021-03-25 11:40:07'),(1644,249,2,'00F900000000000000000000','2021-03-25 11:40:44'),(1645,165,2,'00A500000000000000000000','2021-03-25 11:41:43'),(1646,90,2,'005A00000000000000000000','2021-03-25 11:43:29'),(1647,92,2,'005C00000000000000000000','2021-03-25 11:43:39'),(1648,280,2,'011800000000000000000000','2021-03-25 11:44:18'),(1649,281,2,'011900000000000000000000','2021-03-25 11:45:43'),(1650,85,2,'005500000000000000000000','2021-03-25 11:46:26'),(1651,47,2,'002F00000000000000000000','2021-03-25 11:46:56'),(1652,225,2,'00E100000000000000000000','2021-03-25 11:48:09'),(1653,211,2,'00D300000000000000000000','2021-03-25 11:48:30'),(1654,8224,2,'202008074155000098096858','2021-03-25 11:49:11'),(1655,1,2,'000100000000000000000000','2021-03-25 11:49:43'),(1656,150,2,'009600000000000000000000','2021-03-25 11:49:54'),(1657,151,2,'009700000000000000000000','2021-03-25 11:51:01'),(1658,76,2,'004C00000000000000000000','2021-03-25 11:51:20'),(1659,128,2,'008000000000000000000000','2021-03-25 11:53:39'),(1660,129,2,'008100000000000000000000','2021-03-25 11:54:09'),(1661,149,2,'009500000000000000000000','2021-03-25 11:54:34'),(1662,129,1,'008100000000000000000000','2021-03-25 12:08:12'),(1663,49,1,'003100000000000000000000','2021-03-25 12:08:29'),(1664,58155,1,'E32B77ECD624DC7B000004BF','2021-03-25 12:08:40'),(1665,43,1,'002B00000000000000000000','2021-03-25 12:08:42'),(1666,98,1,'006200000000000000000000','2021-03-25 12:10:54'),(1667,160,1,'00A000000000000000000000','2021-03-25 12:11:01'),(1668,159,1,'009F00000000000000000000','2021-03-25 12:12:01'),(1669,29,1,'001D00000000000000000000','2021-03-25 12:12:11'),(1670,212,1,'00D400000000000000000000','2021-03-25 12:13:18'),(1671,226,1,'00E200000000000000000000','2021-03-25 12:13:41'),(1672,202,1,'00CA00000000000000000000','2021-03-25 12:14:38'),(1673,46,1,'002E00000000000000000000','2021-03-25 12:14:49'),(1674,25,1,'001900000000000000000000','2021-03-25 12:15:06'),(1675,282,1,'011A00000000000000000000','2021-03-25 12:15:24'),(1676,283,1,'011B00000000000000000000','2021-03-25 12:15:55'),(1677,81,1,'005100000000000000000000','2021-03-25 12:17:12'),(1678,66,1,'004200000000000000000000','2021-03-25 12:17:27'),(1679,65,1,'004100000000000000000000','2021-03-25 12:17:44'),(1680,166,1,'00A600000000000000000000','2021-03-25 12:18:04'),(1681,99,1,'006300000000000000000000','2021-03-25 12:20:04'),(1682,278,1,'011600000000000000000000','2021-03-25 12:20:26'),(1683,284,1,'011C00000000000000000000','2021-03-25 12:21:43'),(1684,30,1,'001E00000000000000000000','2021-03-25 12:22:16'),(1685,168,1,'00A800000000000000000000','2021-03-25 12:23:34'),(1686,4,1,'000400000000000000000000','2021-03-25 12:24:18'),(1687,154,1,'009A00000000000000000000','2021-03-25 12:24:24'),(1688,155,1,'009B00000000000000000000','2021-03-25 12:25:42'),(1689,240,1,'00F000000000000000000000','2021-03-25 12:26:15'),(1690,24,1,'001800000000000000000000','2021-03-25 12:26:30'),(1691,23,1,'001700000000000000000000','2021-03-25 12:26:38'),(1692,80,1,'005000000000000000000000','2021-03-25 12:27:30'),(1693,78,1,'004E00000000000000000000','2021-03-25 12:27:37'),(1694,269,1,'010D00000000000000000000','2021-03-25 12:29:06'),(1695,53,1,'003500000000000000000000','2021-03-25 12:29:55'),(1696,248,1,'00F800000000000000000000','2021-03-25 12:30:32'),(1697,238,1,'00EE00000000000000000000','2021-03-25 12:31:48'),(1698,178,1,'00B200000000000000000000','2021-03-25 12:31:58'),(1699,263,1,'010700000000000000000000','2021-03-25 12:32:26'),(1700,102,1,'006600000000000000000000','2021-03-25 12:34:04'),(1701,103,1,'006700000000000000000000','2021-03-25 12:34:25'),(1702,71,1,'004700000000000000000000','2021-03-25 12:35:40'),(1703,69,1,'004500000000000000000000','2021-03-25 12:36:11'),(1704,262,1,'010600000000000000000000','2021-03-25 12:37:37'),(1705,58155,1,'E32B77ECD624DC7B0000025C','2021-03-25 12:37:42'),(1706,28,1,'001C00000000000000000000','2021-03-25 12:37:59'),(1707,39,1,'002700000000000000000000','2021-03-25 12:38:12'),(1708,35,1,'002300000000000000000000','2021-03-25 12:39:24'),(1709,192,1,'00C000000000000000000000','2021-03-25 12:40:42'),(1710,233,1,'00E900000000000000000000','2021-03-25 12:41:03'),(1711,244,1,'00F400000000000000000000','2021-03-25 12:41:35'),(1712,219,1,'00DB00000000000000000000','2021-03-25 12:41:47'),(1713,271,1,'010F00000000000000000000','2021-03-25 12:43:26'),(1714,182,1,'00B600000000000000000000','2021-03-25 12:44:00'),(1715,196,1,'00C400000000000000000000','2021-03-25 12:44:20'),(1716,171,1,'00AB00000000000000000000','2021-03-25 12:45:07'),(1717,268,1,'010C00000000000000000000','2021-03-25 12:46:46'),(1718,216,1,'00D800000000000000000000','2021-03-25 12:47:57'),(1719,84,1,'005400000000000000000000','2021-03-25 12:57:01'),(1720,264,1,'010800000000000000000000','2021-03-25 12:58:29'),(1721,204,1,'00CC00000000000000000000','2021-03-25 12:58:58'),(1722,188,1,'00BC00000000000000000000','2021-03-25 12:59:13'),(1723,190,1,'00BE00000000000000000000','2021-03-25 12:59:31'),(1724,210,1,'00D200000000000000000000','2021-03-25 12:59:45'),(1725,242,1,'00F200000000000000000000','2021-03-25 12:59:59'),(1726,41,2,'002900000000000000000000','2021-03-26 06:00:48'),(1727,32,2,'002000000000000000000000','2021-03-26 06:02:34'),(1728,31,2,'001F00000000000000000000','2021-03-26 06:02:56'),(1729,20,2,'001400000000000000000000','2021-03-26 06:04:16'),(1730,22,2,'001600000000000000000000','2021-03-26 06:05:02'),(1731,239,2,'00EF00000000000000000000','2021-03-26 06:05:27'),(1732,223,2,'00DF00000000000000000000','2021-03-26 06:05:59'),(1733,147,2,'009300000000000000000000','2021-03-26 06:06:21'),(1734,3,2,'000300000000000000000000','2021-03-26 06:06:31'),(1735,167,2,'00A700000000000000000000','2021-03-26 06:07:17'),(1736,174,2,'00AE00000000000000000000','2021-03-26 06:08:32'),(1737,2,2,'000200000000000000000000','2021-03-26 06:08:52'),(1738,152,2,'009800000000000000000000','2021-03-26 06:08:58'),(1739,277,2,'011500000000000000000000','2021-03-26 06:09:20'),(1740,249,2,'00F900000000000000000000','2021-03-26 06:09:45'),(1741,165,2,'00A500000000000000000000','2021-03-26 06:10:36'),(1742,90,2,'005A00000000000000000000','2021-03-26 06:11:24'),(1743,92,2,'005C00000000000000000000','2021-03-26 06:11:33'),(1744,280,2,'011800000000000000000000','2021-03-26 06:12:17'),(1745,280,1,'011800000000000000000000','2021-03-26 06:31:17'),(1746,81,1,'005100000000000000000000','2021-03-26 06:32:58'),(1747,66,1,'004200000000000000000000','2021-03-26 06:33:21'),(1748,65,1,'004100000000000000000000','2021-03-26 06:33:37'),(1749,166,1,'00A600000000000000000000','2021-03-26 06:33:52'),(1750,99,1,'006300000000000000000000','2021-03-26 06:34:41'),(1751,278,1,'011600000000000000000000','2021-03-26 06:35:00'),(1752,284,1,'011C00000000000000000000','2021-03-26 06:36:27'),(1753,30,1,'001E00000000000000000000','2021-03-26 06:37:01'),(1754,168,1,'00A800000000000000000000','2021-03-26 06:38:20'),(1755,4,1,'000400000000000000000000','2021-03-26 06:39:06'),(1756,154,1,'009A00000000000000000000','2021-03-26 06:39:14'),(1757,155,1,'009B00000000000000000000','2021-03-26 06:40:28'),(1758,240,1,'00F000000000000000000000','2021-03-26 06:41:03'),(1759,24,1,'001800000000000000000000','2021-03-26 06:41:18'),(1760,23,1,'001700000000000000000000','2021-03-26 06:41:26'),(1761,80,1,'005000000000000000000000','2021-03-26 06:42:16'),(1762,78,1,'004E00000000000000000000','2021-03-26 06:42:23'),(1763,269,1,'010D00000000000000000000','2021-03-26 06:43:35'),(1764,53,1,'003500000000000000000000','2021-03-26 06:44:12'),(1765,248,1,'00F800000000000000000000','2021-03-26 06:44:38'),(1766,238,1,'00EE00000000000000000000','2021-03-26 06:45:51'),(1767,178,1,'00B200000000000000000000','2021-03-26 06:46:00'),(1768,263,1,'010700000000000000000000','2021-03-26 06:46:33'),(1769,103,1,'006700000000000000000000','2021-03-26 06:48:49'),(1770,71,1,'004700000000000000000000','2021-03-26 06:49:48'),(1771,69,1,'004500000000000000000000','2021-03-26 06:50:13'),(1772,262,1,'010600000000000000000000','2021-03-26 06:51:02'),(1773,58155,1,'E32B77ECD624DC7B0000025C','2021-03-26 06:51:06'),(1774,28,1,'001C00000000000000000000','2021-03-26 06:51:18'),(1775,39,1,'002700000000000000000000','2021-03-26 06:51:25'),(1776,36,1,'002400000000000000000000','2021-03-26 06:51:44'),(1777,194,1,'00C200000000000000000000','2021-03-26 06:52:28'),(1778,235,1,'00EB00000000000000000000','2021-03-26 06:52:51'),(1779,246,1,'00F600000000000000000000','2021-03-26 06:53:20'),(1780,220,1,'00DC00000000000000000000','2021-03-26 06:53:29'),(1781,229,1,'00E500000000000000000000','2021-03-26 06:54:01'),(1782,184,1,'00B800000000000000000000','2021-03-26 06:54:24'),(1783,198,1,'00C600000000000000000000','2021-03-26 06:54:44'),(1784,173,1,'00AD00000000000000000000','2021-03-26 06:55:32'),(1785,258,1,'010200000000000000000000','2021-03-26 06:55:59'),(1786,218,1,'00DA00000000000000000000','2021-03-26 06:56:23'),(1787,84,1,'005400000000000000000000','2021-03-26 07:03:17'),(1788,264,1,'010800000000000000000000','2021-03-26 07:03:48'),(1789,204,1,'00CC00000000000000000000','2021-03-26 07:04:07'),(1790,188,1,'00BC00000000000000000000','2021-03-26 07:04:21'),(1791,190,1,'00BE00000000000000000000','2021-03-26 07:04:38'),(1792,210,1,'00D200000000000000000000','2021-03-26 07:04:51'),(1793,242,1,'00F200000000000000000000','2021-03-26 07:05:03'),(1794,261,1,'010500000000000000000000','2021-03-26 07:05:22'),(1795,200,1,'00C800000000000000000000','2021-03-26 07:05:37'),(1796,206,1,'00CE00000000000000000000','2021-03-26 07:05:47'),(1797,231,1,'00E700000000000000000000','2021-03-26 07:06:05'),(1798,201,1,'00C900000000000000000000','2021-03-26 07:06:20'),(1799,260,1,'010400000000000000000000','2021-03-26 07:06:46'),(1800,208,1,'00D000000000000000000000','2021-03-26 07:07:57'),(1801,186,1,'00BA00000000000000000000','2021-03-26 07:08:08'),(1802,214,1,'00D600000000000000000000','2021-03-26 07:08:23'),(1803,180,1,'00B400000000000000000000','2021-03-26 07:08:33'),(1804,12,1,'000C00000000000000000000','2021-03-26 07:08:46'),(1805,8,1,'000800000000000000000000','2021-03-26 07:08:52'),(1806,5,1,'000500000000000000000000','2021-03-26 07:08:57'),(1807,141,1,'008D00000000000000000000','2021-03-26 07:09:40'),(1808,120,1,'007800000000000000000000','2021-03-26 07:10:08'),(1809,122,1,'007A00000000000000000000','2021-03-26 07:11:20'),(1810,115,1,'007300000000000000000000','2021-03-26 07:14:02'),(1811,114,1,'007200000000000000000000','2021-03-26 07:14:13'),(1812,59,1,'003B00000000000000000000','2021-03-26 07:15:25'),(1813,68,1,'004400000000000000000000','2021-03-26 07:15:38'),(1814,57,1,'003900000000000000000000','2021-03-26 07:15:57'),(1815,52,1,'003400000000000000000000','2021-03-26 07:16:23'),(1816,51,1,'003300000000000000000000','2021-03-26 07:16:28'),(1817,56,1,'003800000000000000000000','2021-03-26 07:16:31'),(1818,275,1,'011300000000000000000000','2021-03-26 07:17:00'),(1819,56,2,'003800000000000000000000','2021-03-26 07:34:34'),(1820,52,2,'003400000000000000000000','2021-03-26 07:34:51'),(1821,57,2,'003900000000000000000000','2021-03-26 07:35:31'),(1822,68,2,'004400000000000000000000','2021-03-26 07:35:55'),(1823,59,2,'003B00000000000000000000','2021-03-26 07:36:10'),(1824,114,2,'007200000000000000000000','2021-03-26 07:37:57'),(1825,113,2,'007100000000000000000000','2021-03-26 07:38:13'),(1826,104,2,'006800000000000000000000','2021-03-26 07:40:45'),(1827,111,2,'006F00000000000000000000','2021-03-26 07:40:52'),(1828,106,2,'006A00000000000000000000','2021-03-26 07:41:07'),(1829,250,2,'00FA00000000000000000000','2021-03-26 07:41:39'),(1830,11,2,'000B00000000000000000000','2021-03-26 07:43:31'),(1831,179,2,'00B300000000000000000000','2021-03-26 07:43:40'),(1832,213,2,'00D500000000000000000000','2021-03-26 07:43:50'),(1833,185,2,'00B900000000000000000000','2021-03-26 07:44:01'),(1834,207,2,'00CF00000000000000000000','2021-03-26 07:44:08'),(1835,175,2,'00AF00000000000000000000','2021-03-26 07:44:16'),(1836,251,2,'00FB00000000000000000000','2021-03-26 07:44:37'),(1837,230,2,'00E600000000000000000000','2021-03-26 07:44:57'),(1838,205,2,'00CD00000000000000000000','2021-03-26 07:45:18'),(1839,199,2,'00C700000000000000000000','2021-03-26 07:45:28'),(1840,252,2,'00FC00000000000000000000','2021-03-26 07:45:57'),(1841,241,2,'00F100000000000000000000','2021-03-26 07:46:02'),(1842,209,2,'00D100000000000000000000','2021-03-26 07:46:14'),(1843,189,2,'00BD00000000000000000000','2021-03-26 07:46:26'),(1844,187,2,'00BB00000000000000000000','2021-03-26 07:46:44'),(1845,203,2,'00CB00000000000000000000','2021-03-26 07:46:57'),(1846,224,2,'00E000000000000000000000','2021-03-26 07:47:17'),(1847,221,2,'00DD00000000000000000000','2021-03-26 07:47:44'),(1848,217,2,'00D900000000000000000000','2021-03-26 07:51:26'),(1849,172,2,'00AC00000000000000000000','2021-03-26 07:52:08'),(1850,197,2,'00C500000000000000000000','2021-03-26 07:52:56'),(1851,183,2,'00B700000000000000000000','2021-03-26 07:53:13'),(1852,228,2,'00E400000000000000000000','2021-03-26 07:53:32'),(1853,256,2,'010000000000000000000000','2021-03-26 07:54:03'),(1854,245,2,'00F500000000000000000000','2021-03-26 07:54:15'),(1855,234,2,'00EA00000000000000000000','2021-03-26 07:54:50'),(1856,193,2,'00C100000000000000000000','2021-03-26 07:55:09'),(1857,26,2,'001A00000000000000000000','2021-03-26 07:57:20'),(1858,27,2,'001B00000000000000000000','2021-03-26 07:57:31'),(1859,143,2,'008F00000000000000000000','2021-03-26 07:57:43'),(1860,58155,2,'E32B77ECD624DC7B00000419','2021-03-26 07:57:44'),(1861,253,2,'00FD00000000000000000000','2021-03-26 07:58:21'),(1862,15,2,'000F00000000000000000000','2021-03-26 07:58:52'),(1863,14,2,'000E00000000000000000000','2021-03-26 07:59:12'),(1864,236,2,'00EC00000000000000000000','2021-03-26 08:00:34'),(1865,100,2,'006400000000000000000000','2021-03-26 08:00:48'),(1866,101,2,'006500000000000000000000','2021-03-26 08:00:54'),(1867,169,2,'00A900000000000000000000','2021-03-26 08:01:27'),(1868,255,2,'00FF00000000000000000000','2021-03-26 08:02:00'),(1869,237,2,'00ED00000000000000000000','2021-03-26 08:02:16'),(1870,247,2,'00F700000000000000000000','2021-03-26 08:03:27'),(1871,130,2,'008200000000000000000000','2021-03-26 08:03:42'),(1872,131,2,'008300000000000000000000','2021-03-26 08:03:49'),(1873,133,2,'008500000000000000000000','2021-03-26 08:04:04'),(1874,279,2,'011700000000000000000000','2021-03-26 08:04:19'),(1875,146,2,'009200000000000000000000','2021-03-26 08:04:54'),(1876,126,2,'007E00000000000000000000','2021-03-26 08:05:29'),(1877,107,2,'006B00000000000000000000','2021-03-26 08:05:53'),(1878,87,1,'005700000000000000000000','2021-03-26 08:15:41'),(1879,153,1,'009900000000000000000000','2021-03-26 08:16:10'),(1880,259,1,'010300000000000000000000','2021-03-26 08:19:54'),(1881,54,1,'003600000000000000000000','2021-03-26 08:20:21'),(1882,53,1,'003500000000000000000000','2021-03-26 08:20:40'),(1883,248,1,'00F800000000000000000000','2021-03-26 08:21:18'),(1884,238,1,'00EE00000000000000000000','2021-03-26 08:22:36'),(1885,178,1,'00B200000000000000000000','2021-03-26 08:22:46'),(1886,263,1,'010700000000000000000000','2021-03-26 08:23:13'),(1887,102,1,'006600000000000000000000','2021-03-26 08:24:53'),(1888,103,1,'006700000000000000000000','2021-03-26 08:25:14'),(1889,71,1,'004700000000000000000000','2021-03-26 08:26:13'),(1890,69,1,'004500000000000000000000','2021-03-26 08:26:36'),(1891,262,1,'010600000000000000000000','2021-03-26 08:27:59'),(1892,58155,1,'E32B77ECD624DC7B0000025C','2021-03-26 08:28:04'),(1893,28,1,'001C00000000000000000000','2021-03-26 08:28:19'),(1894,39,1,'002700000000000000000000','2021-03-26 08:28:29'),(1895,35,1,'002300000000000000000000','2021-03-26 08:29:15'),(1896,192,1,'00C000000000000000000000','2021-03-26 08:30:14'),(1897,233,1,'00E900000000000000000000','2021-03-26 08:30:34'),(1898,244,1,'00F400000000000000000000','2021-03-26 08:31:05'),(1899,219,1,'00DB00000000000000000000','2021-03-26 08:31:17'),(1900,271,1,'010F00000000000000000000','2021-03-26 08:32:47'),(1901,182,1,'00B600000000000000000000','2021-03-26 08:33:22'),(1902,196,1,'00C400000000000000000000','2021-03-26 08:33:44'),(1903,171,1,'00AB00000000000000000000','2021-03-26 08:34:29'),(1904,268,1,'010C00000000000000000000','2021-03-26 08:35:44'),(1905,216,1,'00D800000000000000000000','2021-03-26 08:36:14'),(1906,84,1,'005400000000000000000000','2021-03-26 08:41:57'),(1907,264,1,'010800000000000000000000','2021-03-26 08:43:15'),(1908,204,1,'00CC00000000000000000000','2021-03-26 08:43:44'),(1909,188,1,'00BC00000000000000000000','2021-03-26 08:44:00'),(1910,190,1,'00BE00000000000000000000','2021-03-26 08:44:17'),(1911,210,1,'00D200000000000000000000','2021-03-26 08:44:30'),(1912,242,1,'00F200000000000000000000','2021-03-26 08:44:42'),(1913,261,1,'010500000000000000000000','2021-03-26 08:45:49'),(1914,200,1,'00C800000000000000000000','2021-03-26 08:46:20'),(1915,206,1,'00CE00000000000000000000','2021-03-26 08:46:33'),(1916,231,1,'00E700000000000000000000','2021-03-26 08:46:52'),(1917,201,1,'00C900000000000000000000','2021-03-26 08:47:07'),(1918,260,1,'010400000000000000000000','2021-03-26 08:47:33'),(1919,208,1,'00D000000000000000000000','2021-03-26 08:48:27'),(1920,186,1,'00BA00000000000000000000','2021-03-26 08:48:38'),(1921,214,1,'00D600000000000000000000','2021-03-26 08:48:52'),(1922,180,1,'00B400000000000000000000','2021-03-26 08:49:02'),(1923,12,1,'000C00000000000000000000','2021-03-26 08:49:14'),(1924,8,1,'000800000000000000000000','2021-03-26 08:49:20'),(1925,5,1,'000500000000000000000000','2021-03-26 08:49:25'),(1926,141,1,'008D00000000000000000000','2021-03-26 08:50:11'),(1927,120,1,'007800000000000000000000','2021-03-26 08:50:40'),(1928,122,1,'007A00000000000000000000','2021-03-26 08:52:24'),(1929,115,1,'007300000000000000000000','2021-03-26 08:59:33'),(1930,114,1,'007200000000000000000000','2021-03-26 08:59:45'),(1931,59,1,'003B00000000000000000000','2021-03-26 09:00:58'),(1932,68,1,'004400000000000000000000','2021-03-26 09:01:12'),(1933,57,1,'003900000000000000000000','2021-03-26 09:01:33'),(1934,52,1,'003400000000000000000000','2021-03-26 09:02:02'),(1935,51,1,'003300000000000000000000','2021-03-26 09:02:07'),(1936,40,1,'002800000000000000000000','2021-03-26 09:02:19'),(1937,274,1,'011200000000000000000000','2021-03-26 09:02:44'),(1938,274,2,'011200000000000000000000','2021-03-26 09:17:42'),(1939,51,2,'003300000000000000000000','2021-03-26 09:18:22'),(1940,52,2,'003400000000000000000000','2021-03-26 09:18:27'),(1941,57,2,'003900000000000000000000','2021-03-26 09:18:55'),(1942,68,2,'004400000000000000000000','2021-03-26 09:19:16'),(1943,59,2,'003B00000000000000000000','2021-03-26 09:19:29'),(1944,114,2,'007200000000000000000000','2021-03-26 09:21:25'),(1945,113,2,'007100000000000000000000','2021-03-26 09:21:44'),(1946,104,2,'006800000000000000000000','2021-03-26 09:24:29'),(1947,111,2,'006F00000000000000000000','2021-03-26 09:24:37'),(1948,106,2,'006A00000000000000000000','2021-03-26 09:24:52'),(1949,250,2,'00FA00000000000000000000','2021-03-26 09:25:52'),(1950,10,2,'000A00000000000000000000','2021-03-26 09:27:41'),(1951,11,2,'000B00000000000000000000','2021-03-26 09:27:52'),(1952,179,2,'00B300000000000000000000','2021-03-26 09:28:01'),(1953,213,2,'00D500000000000000000000','2021-03-26 09:28:11'),(1954,185,2,'00B900000000000000000000','2021-03-26 09:28:23'),(1955,207,2,'00CF00000000000000000000','2021-03-26 09:28:30'),(1956,175,2,'00AF00000000000000000000','2021-03-26 09:28:40'),(1957,251,2,'00FB00000000000000000000','2021-03-26 09:29:40'),(1958,230,2,'00E600000000000000000000','2021-03-26 09:30:03'),(1959,205,2,'00CD00000000000000000000','2021-03-26 09:30:26'),(1960,199,2,'00C700000000000000000000','2021-03-26 09:30:36'),(1961,222,2,'00DE00000000000000000000','2021-03-26 09:30:52'),(1962,252,2,'00FC00000000000000000000','2021-03-26 09:32:02'),(1963,241,2,'00F100000000000000000000','2021-03-26 09:32:17'),(1964,209,2,'00D100000000000000000000','2021-03-26 09:32:37'),(1965,189,2,'00BD00000000000000000000','2021-03-26 09:32:52'),(1966,187,2,'00BB00000000000000000000','2021-03-26 09:33:10'),(1967,203,2,'00CB00000000000000000000','2021-03-26 09:33:23'),(1968,224,2,'00E000000000000000000000','2021-03-26 09:33:45'),(1969,257,2,'010100000000000000000000','2021-03-26 09:34:49'),(1970,221,2,'00DD00000000000000000000','2021-03-26 09:35:14'),(1971,215,2,'00D700000000000000000000','2021-03-26 09:42:51'),(1972,170,2,'00AA00000000000000000000','2021-03-26 09:45:03'),(1973,195,2,'00C300000000000000000000','2021-03-26 09:46:28'),(1974,181,2,'00B500000000000000000000','2021-03-26 09:46:51'),(1975,227,2,'00E300000000000000000000','2021-03-26 09:47:15'),(1976,267,2,'010B00000000000000000000','2021-03-26 09:49:03'),(1977,243,2,'00F300000000000000000000','2021-03-26 09:49:21'),(1978,232,2,'00E800000000000000000000','2021-03-26 09:50:03'),(1979,191,2,'00BF00000000000000000000','2021-03-26 09:50:24'),(1980,7,2,'000700000000000000000000','2021-03-26 09:51:12'),(1981,26,2,'001A00000000000000000000','2021-03-26 09:51:26'),(1982,27,2,'001B00000000000000000000','2021-03-26 09:51:35'),(1983,143,2,'008F00000000000000000000','2021-03-26 09:51:45'),(1984,58155,2,'E32B77ECD624DC7B00000419','2021-03-26 09:51:46'),(1985,253,2,'00FD00000000000000000000','2021-03-26 09:52:56'),(1986,15,2,'000F00000000000000000000','2021-03-26 09:53:27'),(1987,14,2,'000E00000000000000000000','2021-03-26 09:53:44'),(1988,236,2,'00EC00000000000000000000','2021-03-26 09:55:06'),(1989,100,2,'006400000000000000000000','2021-03-26 09:55:22'),(1990,101,2,'006500000000000000000000','2021-03-26 09:55:29'),(1991,169,2,'00A900000000000000000000','2021-03-26 09:56:05'),(1992,255,2,'00FF00000000000000000000','2021-03-26 09:56:40'),(1993,237,2,'00ED00000000000000000000','2021-03-26 09:57:50'),(1994,247,2,'00F700000000000000000000','2021-03-26 09:59:03'),(1995,130,2,'008200000000000000000000','2021-03-26 09:59:16'),(1996,131,2,'008300000000000000000000','2021-03-26 09:59:22'),(1997,133,2,'008500000000000000000000','2021-03-26 09:59:34'),(1998,279,2,'011700000000000000000000','2021-03-26 09:59:47'),(1999,146,2,'009200000000000000000000','2021-03-26 10:00:18'),(2000,288,2,'012000000000000000000000','2021-03-26 10:03:31'),(2001,2,1,'00020000000000000','2021-05-11 00:17:44'),(2002,2,1,'00020000000000000','2021-05-11 00:25:09'),(2003,2,1,'00020000000000000','2021-05-11 00:25:43');
/*!40000 ALTER TABLE `lecturas` ENABLE KEYS */;
UNLOCK TABLES;

--
-- Table structure for table `puntos`
--

DROP TABLE IF EXISTS `puntos`;
/*!40101 SET @saved_cs_client     = @@character_set_client */;
/*!40101 SET character_set_client = utf8 */;
CREATE TABLE `puntos` (
  `id_punto` int(11) NOT NULL AUTO_INCREMENT,
  `id_tag` varchar(120) NOT NULL,
  `via` varchar(220) NOT NULL,
  `baliza` varchar(220) NOT NULL,
  `asociado_a` varchar(220) NOT NULL,
  `progresivas` varchar(220) NOT NULL,
  `latitud` varchar(220) NOT NULL,
  `longitud` varchar(220) NOT NULL,
  `estado` varchar(220) NOT NULL,
  `epc` varchar(220) NOT NULL,
  `fecha_instalacion` date NOT NULL,
  `observaciones` varchar(400) NOT NULL,
  PRIMARY KEY (`id_punto`),
  UNIQUE KEY `id_tag` (`id_tag`)
) ENGINE=InnoDB AUTO_INCREMENT=7778 DEFAULT CHARSET=utf8mb4;
/*!40101 SET character_set_client = @saved_cs_client */;

--
-- Dumping data for table `puntos`
--

LOCK TABLES `puntos` WRITE;
/*!40000 ALTER TABLE `puntos` DISABLE KEYS */;
INSERT INTO `puntos` VALUES (1,'R202','GENERAL 1','01702','ADV 1 PR','Km 31.920 al Km 36.830','-58.759758','-34.65893','anulado','000100000000000000000000','2021-05-06','observaciones'),(2,'R177','GENERAL 1','01502','ADV 1 SP','Km 24.151 al Km 29.265','-58.695995','-34.665297','anulado','000200000000000000000000','2021-05-06','observaciones'),(3,'R174','GENERAL 1','01406','ADV 1 Y','Km 24.151 al Km 29.265','-58.668351','-34.660425','anulado','000300000000000000000000','2021-05-06','observaciones'),(4,'R176','GENERAL 2','01405','ADV 1 Y','Km 24.151 al Km 29.265','-58.667859','-34.660163','Activo','000400000000000000000000','2021-05-06','observaciones'),(5,'R041','GENERAL 2','00323','ADV 10 CB','nan','-58.443661','-34.623522','Activo','000500000000000000000000','2021-05-06','observaciones'),(6,'R042','VIA 4 CB','00334','ADV 10 CB','nan','-58.453689','-34.623481','Activo','000600000000000000000000','2021-05-06','observaciones'),(7,'R086','GENERAL 1','11102','ADV 10 HD','Km 17.061 al Km 19.276','-58.58689','-34.64399','Activo','000700000000000000000000','2021-05-06','observaciones'),(8,'R044','GENERAL 2','NO','ADV 10 Y 11 CB','nan','-58.454562','-34.623892','Activo','000800000000000000000000','2021-05-06','observaciones'),(9,'R087','GENERAL 1','NO','ADV 10 Y 18 HD','Km 17.061 al Km 19.276','-58.589309','-34.644296','Activo','000900000000000000000000','2021-05-06','observaciones'),(10,'R043','GENERAL 1','00336','ADV 11 CB','nan','-58.45358','-34.623521','Activo','000a00000000000000000000','2021-05-06','observaciones'),(11,'R045','GENERAL 1','NO','ADV 11 CB','nan','-58.455688','-34.624414','Activo','000b00000000000000000000','2021-05-06','observaciones'),(12,'R046','GENERAL 2','00325','ADV 11 CB','nan','-58.455648','-34.624356','Activo','000c00000000000000000000','2021-05-06','observaciones'),(13,'R101','GENERAL 2','NO','ADV 11 HD','Km 17.061 al Km 19.276','-58.595597','-34.645067','Activo','000d00000000000000000000','2021-05-06','observaciones'),(14,'R102','GENERAL 2','NO','ADV 11 HD','Km 17.061 al Km 19.276','-58.596951','-34.645179','Activo','000e00000000000000000000','2021-05-06','observaciones'),(15,'R103','LOCAL 2 LS-HD','NO','ADV 11 HD','Km 17.061 al Km 19.276','-58.595487','-34.645031','Activo','000f00000000000000000000','2021-05-06','observaciones'),(16,'R166','VIA 3 CL','11360','ADV 17 CL','Km 22.221 al Km 24.151','-58.655627','-34.656372','Activo','001000000000000000000000','2021-05-06','observaciones'),(17,'R167','GENERAL 1','01340','ADV 17 CL','Km 22.221 al Km 24.151','-58.655153','-34.65619','Activo','001100000000000000000000','2021-05-06','observaciones'),(18,'R059','VIA MERCADO','00707','ADV 17 TLS','Km 9.710 al Km 11.735','nan','nan','Activo','001200000000000000000000','2021-05-06','observaciones'),(19,'R060','LOCAL 1 LS-HD','00710','ADV 17 TLS','Km 9.710 al Km 11.735','-58.52435','-34.638844','Activo','001300000000000000000000','2021-05-06','observaciones'),(20,'R168','GENERAL 1','NO','ADV 17 Y 18 CL','Km 22.221 al Km 24.151','-58.656232','-34.656522','Activo','001400000000000000000000','2021-05-06','observaciones'),(21,'R061','VIA MERCADO','10711','ADV 17 Y 53 LS','Km 9.710 al Km 11.735','nan','nan','Activo','001500000000000000000000','2021-05-06','observaciones'),(22,'R169','GENERAL 1','01344','ADV 18 CL','Km 22.221 al Km 24.151','-58.657737','-34.657058','Activo','001600000000000000000000','2021-05-06','observaciones'),(23,'R170','GENERAL 2','11305','ADV 18 CL','Km 22.221 al Km 24.151','-58.656427','-34.656517','Activo','001700000000000000000000','2021-05-06','observaciones'),(24,'R171','GENERAL 2','01309','ADV 18 CL','Km 22.221 al Km 24.151','-58.658091','-34.657798','Activo','001800000000000000000000','2021-05-06','observaciones'),(25,'R198','GENERAL 2','01609','ADV 18 Y 21 RO / PAN LIBERTAD 2','Km 29.265 al Km 31.920','-58.73075','-34.664155','Activo','001900000000000000000000','2021-05-06','observaciones'),(26,'R092','LOCAL 1 LS-HD','NO','ADV 19 HD','Km 17.061 al Km 19.276','-58.588408','-34.64415','Activo','001a00000000000000000000','2021-05-06','observaciones'),(27,'R093','LOCAL 1 LS-HD','NO','ADV 19 HD','Km 17.061 al Km 19.276','-58.589335','-34.64427','Activo','001b00000000000000000000','2021-05-06','observaciones'),(28,'R094','LOCAL 2 LS-HD','NO','ADV 19 HD','Km 17.061 al Km 19.276','-58.589074','-34.64419','Activo','001c00000000000000000000','2021-05-06','observaciones'),(29,'R204','GENERAL 2','NO','ADV 2 PR','Km 31.920 al Km 36.830','-58.760024','-34.658821','Activo','001d00000000000000000000','2021-05-06','observaciones'),(30,'R179','GENERAL 2','01415','ADV 2 SP / PAN ACEVEDO 2','Km 24.151 al Km 29.265','-58.693265','-34.664875','Activo','001e00000000000000000000','2021-05-06','observaciones'),(31,'R163','VIA 3 CL','NO','ADV 20 CL','Km 22.221 al Km 24.151','-58.653923','-34.655842','Activo','001f00000000000000000000','2021-05-06','observaciones'),(32,'R164','VIA 3 CL','11358','ADV 20 CL','Km 22.221 al Km 24.151','-58.653071','-34.655621','Activo','002000000000000000000000','2021-05-06','observaciones'),(33,'R165','VIA FONDO DEP CL','11356','ADV 20 CL','Km 22.221 al Km 24.151','-58.65315','-34.655632','Activo','002100000000000000000000','2021-05-06','observaciones'),(34,'R091','GENERAL 2','NO','ADV 20 HD','Km 17.061 al Km 19.276','-58.588071','-34.644023','Activo','002200000000000000000000','2021-05-06','observaciones'),(35,'R089','GENERAL 2','01105','ADV 20 HD / PP GUIRALDES G2','Km 17.061 al Km 19.276','-58.585562','-34.643718','Activo','002300000000000000000000','2021-05-06','observaciones'),(36,'R088','LOCAL 2 LS-HD','11105','ADV 20 HD / PP GUIRALDES L2','Km 17.061 al Km 19.276','-58.585606','-34.643771','Activo','002400000000000000000000','2021-05-06','observaciones'),(37,'R006','GENERAL 1','10211','ADV 20 O','nan','-58.410552','-34.608885','Activo','002500000000000000000000','2021-05-06','observaciones'),(38,'R007','GENERAL 2','10213','ADV 20 O','nan','-58.410342','-34.608803','Activo','002600000000000000000000','2021-05-06','observaciones'),(39,'R090','LOCAL 2 LS-HD','01111','ADV 20 Y 19 HD','Km 17.061 al Km 19.276','-58.58815','-34.64408','Activo','002700000000000000000000','2021-05-06','observaciones'),(40,'R008','GENERAL 2','10214','ADV 20 Y 21 O','nan','-58.411094','-34.608917','Activo','002800000000000000000000','2021-05-06','observaciones'),(41,'R160','VIA 3 CL','01332','ADV 20 Y 28 CL','Km 22.221 al Km 24.151','-58.650708','-34.65496','Activo','002900000000000000000000','2021-05-06','observaciones'),(42,'R070','GENERAL 2','00805','ADV 21 LS','Km 9.710 al Km 11.735','-58.524585','-34.638843','Activo','002a00000000000000000000','2021-05-06','observaciones'),(43,'R214','GENERAL 2','01803','ADV 21 MO','Km 31.920 al Km 36.830','-58.786555','-34.651427','Activo','002b00000000000000000000','2021-05-06','observaciones'),(44,'R010','GENERAL 1','10216','ADV 21 O','nan','-58.411425','-34.609003','Activo','002c00000000000000000000','2021-05-06','observaciones'),(45,'R013','GENERAL 1','10219','ADV 21 O','nan','-58.411662','-34.608818','Activo','002d00000000000000000000','2021-05-06','observaciones'),(46,'R201','GENERAL 2','NO','ADV 21 RO','Km 29.265 al Km 31.920','-58.732882','-34.663754','Activo','002e00000000000000000000','2021-05-06','observaciones'),(47,'R200','GENERAL 1','NO','ADV 21 RO / PAN CORDOBA G1','Km 29.265 al Km 31.920','-58.734033','-34.663617','Activo','002f00000000000000000000','2021-05-06','observaciones'),(48,'R068','LOCAL 2 LS-HD','10807','ADV 21 Y 38 LS','Km 9.710 al Km 11.735','-58.524115','-34.638872','Activo','003000000000000000000000','2021-05-06','observaciones'),(49,'R212','LOCAL 1 MO','11801','ADV 21 Y 6 MO','Km 31.920 al Km 36.830','-58.786978','-34.651305','Activo','003100000000000000000000','2021-05-06','observaciones'),(50,'R215','GENERAL 2','11803','ADV 21 Y 9 MO','Km 31.920 al Km 36.830','-58.787244','-34.651241','Activo','003200000000000000000000','2021-05-06','observaciones'),(51,'R009','VIA 3','10215','ADV 22 O','nan','-58.411306','-34.608852','Activo','003300000000000000000000','2021-05-06','observaciones'),(52,'R011','GENERAL 2','10217','ADV 22 Y 23 O','nan','-58.411488','-34.608817','Activo','003400000000000000000000','2021-05-06','observaciones'),(53,'R116','GENERAL 2','NO','ADV 23 CL','Km 19.276 al Km 22.221','-58.638916','-34.650945','Activo','003500000000000000000000','2021-05-06','observaciones'),(54,'R117','LOCAL 2 CL','NO','ADV 23 CL','Km 19.276 al Km 22.221','-58.639656','-34.651306','Activo','003600000000000000000000','2021-05-06','observaciones'),(55,'R066','VIA 6 LS','NO','ADV 23 LS','Km 9.710 al Km 11.735','nan','nan','Activo','003700000000000000000000','2021-05-06','observaciones'),(56,'R012','VIA 4','10218','ADV 23 O','nan','-58.411104','-34.608799','Activo','003800000000000000000000','2021-05-06','observaciones'),(57,'R015','GENERAL 2','NO','ADV 23 Y 25 O','nan','-58.412509','-34.608799','Activo','003900000000000000000000','2021-05-06','observaciones'),(58,'R065','GENERAL 2','NO','ADV 23 Y 38 LS','Km 9.710 al Km 11.735','-58.523701','-34.638917','Activo','003a00000000000000000000','2021-05-06','observaciones'),(59,'R017','GENERAL 2','10221','ADV 24 O','nan','-58.414136','-34.608751','Activo','003b00000000000000000000','2021-05-06','observaciones'),(60,'R018','GENERAL 1','10226','ADV 24 O','nan','-58.413666','-34.60877','Activo','003c00000000000000000000','2021-05-06','observaciones'),(61,'R019','GENERAL 1','NO','ADV 24 Y 36 O','nan','-58414293.0','-34608774.0','Activo','003d00000000000000000000','2021-05-06','observaciones'),(62,'R014','VIA 5','10220','ADV 25 O','nan','-58.412726','-34.608758','Activo','003e00000000000000000000','2021-05-06','observaciones'),(63,'R020','GENERAL 1','NO','ADV 25 O','nan','-58.417131','-34.60894','Activo','003f00000000000000000000','2021-05-06','observaciones'),(64,'R022','GENERAL 1','10228','ADV 25 O','nan','-58.417602','-34.60898','Activo','004000000000000000000000','2021-05-06','observaciones'),(65,'R188','GENERAL 2','01513','ADV 25 RO','Km 29.265 al Km 31.920','-58.71768','-34.666088','Activo','004100000000000000000000','2021-05-06','observaciones'),(66,'R189','LOCAL 2 RO','01601','ADV 25 RO','Km 29.265 al Km 31.920','-58.720223','-34.665696','Activo','004200000000000000000000','2021-05-06','observaciones'),(67,'R190','GENERAL 2','NO','ADV 25 RO','Km 29.265 al Km 31.920','-58.720332','-34.665642','Activo','004300000000000000000000','2021-05-06','observaciones'),(68,'R016','GENERAL 2','00209','ADV 25 Y 24 O','nan','-58.413539','-34.608738','Activo','004400000000000000000000','2021-05-06','observaciones'),(69,'R104','LOCAL 1 LS-HD','01117','ADV 26 HD','Km 17.061 al Km 19.276','-58.59594','-34.645046','Activo','004500000000000000000000','2021-05-06','observaciones'),(70,'R105','GENERAL 1','11111','ADV 26 HD','Km 17.061 al Km 19.276','-58.595325','-34.645096','Activo','004600000000000000000000','2021-05-06','observaciones'),(71,'R106','GENERAL 1','01121','ADV 26 HD','Km 17.061 al Km 19.276','-58.597982','-34.645214','Activo','004700000000000000000000','2021-05-06','observaciones'),(72,'R024','LOCAL 1 O-CB','NO','ADV 27 O','nan','-58.418814','-34.609235','Activo','004800000000000000000000','2021-05-06','observaciones'),(73,'R159','VIA 3 CL','11350','ADV 28 CL','Km 22.221 al Km 24.151','-58.649801','-34.654742','Activo','004900000000000000000000','2021-05-06','observaciones'),(74,'R162','GENERAL 1','11346','ADV 28 CL','Km 22.221 al Km 24.151','-58.650265','-34.654725','Activo','004a00000000000000000000','2021-05-06','observaciones'),(75,'R161','GENERAL 1','NO','ADV 28 Y 38 CL','Km 22.221 al Km 24.151','-58.648993','-34.654477','Activo','004b00000000000000000000','2021-05-06','observaciones'),(76,'R207','GENERAL 1','01706','ADV 3 PR','Km 31.920 al Km 36.830','-58.764148','-34.657673','Activo','004c00000000000000000000','2021-05-06','observaciones'),(77,'R150','LOCAL 2 CL','NO','ADV 30 Y 31 CL','Km 22.221 al Km 24.151','-58.645286','-34.652986','Activo','004d00000000000000000000','2021-05-06','observaciones'),(78,'R151','GENERAL 2','11301','ADV 31 CL','Km 22.221 al Km 24.151','-58.645394','-34.652988','Activo','004e00000000000000000000','2021-05-06','observaciones'),(79,'R152','LOCAL 2 CL','01326','ADV 31 CL','Km 22.221 al Km 24.151','-58.646443','-34.653406','Activo','004f00000000000000000000','2021-05-06','observaciones'),(80,'R153','GENERAL 2','01303','ADV 31 CL','Km 22.221 al Km 24.151','-58.646565','-34.653398','Activo','005000000000000000000000','2021-05-06','observaciones'),(81,'R192','LOCAL 2 RO','NO','ADV 31 RO','Km 29.265 al Km 31.920','-58.723048','-34.665195','Activo','005100000000000000000000','2021-05-06','observaciones'),(82,'R057','GENERAL 2','00703','ADV 32 TLS','Km 9.710 al Km 11.735','-58.512213','-34.63753','Activo','005200000000000000000000','2021-05-06','observaciones'),(83,'R058','LOCAL 2 LS-HD','00705','ADV 32 TLS','Km 9.710 al Km 11.735','-58.512537','-34.637564','Activo','005300000000000000000000','2021-05-06','observaciones'),(84,'R056','GENERAL 2','NO','ADV 32 TLS / PAN IRIGOYEN G2','Km 9.710 al Km 11.735','-58.505837','-34.630665','Activo','005400000000000000000000','2021-05-06','observaciones'),(85,'R199','GENERAL 1','01614','ADV 32 Y 21 RO','Km 29.265 al Km 31.920','-58.731792','-34.664035','Activo','005500000000000000000000','2021-05-06','observaciones'),(86,'R128','LOCAL 2 CL','11318','ADV 34 CL','Km 22.221 al Km 24.151','-58.644808','-34.652863','Activo','005600000000000000000000','2021-05-06','observaciones'),(87,'R129','VIA TRAFICO','11326','ADV 34 CL','Km 22.221 al Km 24.151','-58.644535','-34.652906','Activo','005700000000000000000000','2021-05-06','observaciones'),(88,'R021','LOCAL 2 O-CB','10227','ADV 35 O','nan','-58.417748','-34.609011','Activo','005800000000000000000000','2021-05-06','observaciones'),(89,'R023','LOCAL 2 O-CB','NO','ADV 35 Y 37 O','nan','-34.418078','-34.609047','Activo','005900000000000000000000','2021-05-06','observaciones'),(90,'R185','GENERAL 1','01602','ADV 36 RO','Km 29.265 al Km 31.920','-58.720735','-34.665664','Activo','005a00000000000000000000','2021-05-06','observaciones'),(91,'R186','GENERAL 1','11602','ADV 36 RO','Km 29.265 al Km 31.920','-58.722485','-34.665463','Activo','005b00000000000000000000','2021-05-06','observaciones'),(92,'R187','LOCAL 1 RO','11604','ADV 36 Y 28 RO','Km 29.265 al Km 31.920','-58.722144','-34.665413','Activo','005c00000000000000000000','2021-05-06','observaciones'),(93,'R025','LOCAL 2 O-CB','00215','ADV 37 O','nan','-58.41868','-34.609184','Activo','005d00000000000000000000','2021-05-06','observaciones'),(94,'R154','LOCAL 2 CL','01328','ADV 38 CL','Km 22.221 al Km 24.151','-58.647937','-34.65403','Activo','005e00000000000000000000','2021-05-06','observaciones'),(95,'R064','GENERAL 2','10803','ADV 38 LS','Km 9.710 al Km 11.735','-58.522782','-34.638642','Activo','005f00000000000000000000','2021-05-06','observaciones'),(96,'R077','GENERAL 2','00811','ADV 39 LS','Km 11.735 al Km 14.793','-58.533449','-34.639539','Activo','006000000000000000000000','2021-05-06','observaciones'),(97,'R076','GENERAL 2','10811','ADV 39 LS / PAN CUZCO G2','Km 11.735 al Km 14.793','-58.528128','-34.638971','Activo','006100000000000000000000','2021-05-06','observaciones'),(98,'R209','GENERAL 2','01705','ADV 4 PR / PAN KENNEDY 2','Km 31.920 al Km 36.830','-58.763988','-34.657669','Activo','006200000000000000000000','2021-05-06','observaciones'),(99,'R184','GENERAL 2','01507','ADV 4 SP / PP IRIGOYEN/S. PEA 2','Km 24.151 al Km 29.265','-58.704368','-34.666324','Activo','006300000000000000000000','2021-05-06','observaciones'),(100,'R107','GENERAL 1','NO','ADV 40 HD','Km 19.276 al Km 22.221','-58.611553','-34.647267','Activo','006400000000000000000000','2021-05-06','observaciones'),(101,'R108','GENERAL 1','01128','ADV 40 HD','Km 19.276 al Km 22.221','-58.612762','-34.647484','Activo','006500000000000000000000','2021-05-06','observaciones'),(102,'R110','GENERAL 2','01129','ADV 40 HD','Km 19.276 al Km 22.221','-58.612586','-34.647427','Activo','006600000000000000000000','2021-05-06','observaciones'),(103,'R109','GENERAL 2','01127','ADV 40 HD / PAN PUEYRREDON 2','Km 19.276 al Km 22.221','-58.609577','-34.64688','Activo','006700000000000000000000','2021-05-06','observaciones'),(104,'R030','GENERAL 1','00318','ADV 41 CB','nan','-58.44091','-34.618058','Activo','006800000000000000000000','2021-05-06','observaciones'),(105,'R033','LOCAL 1 O-CB','00320','ADV 41 CB','nan','-58.441421','-34.618394','Activo','006900000000000000000000','2021-05-06','observaciones'),(106,'R035','GENERAL 1','NO','ADV 41 CB /INGRESO PLAT 1 G1 / PAN ROJAS G1','nan','-58.442738','-34.618918','Activo','006a00000000000000000000','2021-05-06','observaciones'),(107,'R149','VIA TRAFICO','11332','ADV 41 CL','Km 22.221 al Km 24.151','-58.645027','-34.653319','Activo','006b00000000000000000000','2021-05-06','observaciones'),(108,'R073','GENERAL 1','10810','ADV 41 LS','Km 11.735 al Km 14.793','-58.533654','-34.639498','Activo','006c00000000000000000000','2021-05-06','observaciones'),(110,'R071','GENERAL 1','00806','ADV 41 LS / PAN CUZCO G1','Km 9.710 al Km 11.735','-58.527407','-34.639101','Activo','006e00000000000000000000','2021-05-06','observaciones'),(111,'R032','GENERAL 1','10304','ADV 41 Y 46 CB','nan','-58.441834','-34.618499','Activo','006f00000000000000000000','2021-05-06','observaciones'),(112,'R026','GENERAL 1','00212','ADV 43 O','nan','-58.41983','-34.609447','Activo','007000000000000000000000','2021-05-06','observaciones'),(113,'R027','GENERAL 1','00304','ADV 43 O','nan','-58.42046','-34.609582','Activo','007100000000000000000000','2021-05-06','observaciones'),(114,'R028','GENERAL 2','00213','ADV 43 O','nan','-58.419906','-34.609401','Activo','007200000000000000000000','2021-05-06','observaciones'),(115,'R029','GENERAL 2','00217','ADV 43 O','nan','-58.420748','-34.609637','Activo','007300000000000000000000','2021-05-06','observaciones'),(116,'R053','GENERAL 1','00702','ADV 43 TLS','Km 9.710 al Km 11.735','-58.509358','-34.637386','Activo','007400000000000000000000','2021-05-06','observaciones'),(117,'R054','GENERAL 1','10704','ADV 43 TLS','Km 9.710 al Km 11.735','-58.512602','-34.637717','Activo','007500000000000000000000','2021-05-06','observaciones'),(118,'R055','LOCAL 1 LS-HD','10702','ADV 43 TLS','Km 9.710 al Km 11.735','-58.512196','-34.637634','Activo','007600000000000000000000','2021-05-06','observaciones'),(119,'R034','LOCAL 2 O-CB','10309','ADV 44 CB','nan','-58.44212','-34.618646','Activo','007700000000000000000000','2021-05-06','observaciones'),(120,'R036','GENERAL 2','00315','ADV 44 CB / SALIDA PLAT 2 G2 / PAN ROJAS G2','nan','-58.442826','-34.618918','Activo','007800000000000000000000','2021-05-06','observaciones'),(121,'R037','VIA 4 CB','00322','ADV 46 CB / SALIDA PLAT 4 / PAN ROJAS 4','nan','-58.442829','-34.618825','Activo','007900000000000000000000','2021-05-06','observaciones'),(122,'R031','GENERAL 2','NO','ADV 47 CB','nan','-58.441706','-34.618391','Activo','007a00000000000000000000','2021-05-06','observaciones'),(123,'R063','LOCAL 2 LS-HD','00801','ADV 53  Y 38 LS','Km 9.710 al Km 11.735','-58.522325','-34.638703','Activo','007b00000000000000000000','2021-05-06','observaciones'),(124,'R062','LOCAL 2 LS-HD','10713','ADV 53 LS','Km 9.710 al Km 11.735','-58.521488','-34.638558','Activo','007c00000000000000000000','2021-05-06','observaciones'),(125,'R126','GENERAL 1','11320','ADV 56 CL','Km 22.221 al Km 24.151','-58.644167','-34.65288','Activo','007d00000000000000000000','2021-05-06','observaciones'),(126,'R127','LOCAL 1 CL','11316','ADV 56 Y 41 CL','Km 22.221 al Km 24.151','-58.644314','-34.652923','Activo','007e00000000000000000000','2021-05-06','observaciones'),(127,'R148','VIA 3 CL','01318','ADV 58 CL','Km 22.221 al Km 24.151','-58.644411','-34.653065','Activo','007f00000000000000000000','2021-05-06','observaciones'),(128,'R210','GENERAL 1','01804','ADV 6 MO / PAN URUGUAY 1','Km 31.920 al Km 36.830','-58.786731','-34.651432','Activo','008000000000000000000000','2021-05-06','observaciones'),(129,'R213','LOCAL 1 MO','NO','ADV 6 Y 7 MO / PAN URUGUAY L1','Km 31.920 al Km 36.830','-58.787868','-34.651115','Activo','008100000000000000000000','2021-05-06','observaciones'),(130,'R113','GENERAL 1','01302','ADV 61 CL','Km 19.276 al Km 22.221','-58.638045','-34.640851','Activo','008200000000000000000000','2021-05-06','observaciones'),(131,'R114','GENERAL 1','11302','ADV 61 CL','Km 19.276 al Km 22.221','-58.638796','-34.651047','Activo','008300000000000000000000','2021-05-06','observaciones'),(132,'R115','LOCAL 2 CL','11304','ADV 61 Y 23 CL','Km 19.276 al Km 22.221','-58.638982','-34.651055','Activo','008400000000000000000000','2021-05-06','observaciones'),(133,'R120','GENERAL 1','NO','ADV 62 CL','Km 19.276 al Km 22.221','-58.640132','-34.651462','Activo','008500000000000000000000','2021-05-06','observaciones'),(134,'R218','LOCAL 2 MO','11809','ADV 7 MO','Km 31.920 al Km 36.830','-58.788285','-34.650861','Activo','008600000000000000000000','2021-05-06','observaciones'),(135,'R155','GENERAL 2','01322','ADV 9 CL','Km 22.221 al Km 24.151','-58.646632','-34.653652','Activo','008700000000000000000000','2021-05-06','observaciones'),(136,'R156','VIA 3 CL','01320','ADV 9 CL','Km 22.221 al Km 24.151','-58.646109','34.653509','Activo','008800000000000000000000','2021-05-06','observaciones'),(137,'R157','VIA 3 CL','11342','ADV 9 CL','Km 22.221 al Km 24.151','-58.647419','-34.65399','Activo','008900000000000000000000','2021-05-06','observaciones'),(138,'R158','GENERAL 1','NO','ADV 9 Y 38 CL','Km 22.221 al Km 24.151','-58.647858','-34.654228','Activo','008a00000000000000000000','2021-05-06','observaciones'),(139,'R067','VIA 6 LS','NO','ALTURA CABINA TALLERES','Km 9.710 al Km 11.735','nan','nan','Activo','008b00000000000000000000','2021-05-06','observaciones'),(140,'R223','VIA DESVIO OESTE MO','01813','DESVIO TRAFICO PAN MELO ','Km 31.920 al Km 36.830','-58.792538','-34.649891','Activo','008c00000000000000000000','2021-05-06','observaciones'),(141,'R039','GENERAL 2','00317','INGRESO A PLAT 2 / PAN G. LORCA G2','nan','-58.467501','-34.628265','Activo','008d00000000000000000000','2021-05-06','observaciones'),(142,'R121','GENERAL 1','NO','INGRESO A PLAT 3 / ADV 62 CL','Km 22.221 al Km 24.151','-58.640763','-34.6518441','Activo','008e00000000000000000000','2021-05-06','observaciones'),(143,'R096','LOCAL 2 LS-HD','11106','INGRESO PLAT 1 HD / ADV 18 HD /PAN FASOLA L1','Km 17.061 al Km 19.276','-58.590374','-34.644472','Activo','008f00000000000000000000','2021-05-06','observaciones'),(144,'R075','LOCAL 2 LS-HD','NO','INGRESO PLAT 2 LS / ADV 39 LS / PAN CUZCO L2','Km 11.735 al Km 14.793','-58.52791','-34.639009','Activo','009000000000000000000000','2021-05-06','observaciones'),(145,'R095','GENERAL 2','01112','INGRESO PLAT 3 G1 / ADV 18 HD','Km 17.061 al Km 19.276','-58.590627','-34.644521','Activo','009100000000000000000000','2021-05-06','observaciones'),(146,'R124','LOCAL 1 CL','01310','INGRESO/SALIDA PLAT 1 CL','Km 22.221 al Km 24.151','-58.643057','-34.652521','Activo','009200000000000000000000','2021-05-06','observaciones'),(147,'R172','GENERAL 1','01404','INGRESO/SALIDA PLAT 1 IT / ADV 1 Y / PP SOLER 1','Km 24.151 al Km 29.265','-58.666937','-34.659939','Activo','009300000000000000000000','2021-05-06','observaciones'),(148,'R220','LOCAL 1 MO','01809','INGRESO/SALIDA PLAT 1 MO / ADV 13 Y 14 MO / PAN MELO L1','Km 31.920 al Km 36.830','-58.791249','-34.650087','Activo','009400000000000000000000','2021-05-06','observaciones'),(149,'R217','LOCAL 1 MO','01805','INGRESO/SALIDA PLAT 1 MO / ADV 7 MO','Km 31.920 al Km 36.830','-58.788924','-34.650783','Activo','009500000000000000000000','2021-05-06','observaciones'),(150,'R203','GENERAL 1','11702','INGRESO/SALIDA PLAT 1 PR / ADV 1 PR','Km 31.920 al Km 36.830','-58.760715','-34.658646','Activo','009600000000000000000000','2021-05-06','observaciones'),(151,'R206','GENERAL 1','01704','INGRESO/SALIDA PLAT 1 PR / PAN KENNEDY 1 / ADV 3 PR','Km 31.920 al Km 36.830','-58.763147','-34.657942','Activo','009700000000000000000000','2021-05-06','observaciones'),(152,'R178','GENERAL 1','01504','INGRESO/SALIDA PLAT 1 SP / ADV 1 SP','Km 24.151 al Km 29.265','-58.697454','-34.665489','Activo','009800000000000000000000','2021-05-06','observaciones'),(153,'R125','LOCAL 2 CL','01312','INGRESO/SALIDA PLAT 2 CL / ADV 34 CL','Km 22.221 al Km 24.151','-58.643304','-34.652441','Activo','009900000000000000000000','2021-05-06','observaciones'),(154,'R175','GENERAL 2','01403','INGRESO/SALIDA PLAT 2 IT / ADV 1 Y / PP SOLER 2','Km 24.151 al Km 29.265','-58.666997','-34.659723','Activo','009a00000000000000000000','2021-05-06','observaciones'),(155,'R173','GENERAL 2','01401','INGRESO/SALIDA PLAT 2 IT / PAN JUNCAL 2','Km 24.151 al Km 29.265','-58.664222','-34.659008','Activo','009b00000000000000000000','2021-05-06','observaciones'),(156,'R069','LOCAL 2 LS-HD','00803','INGRESO/SALIDA PLAT 2 LS / ADV 21 LS','Km 9.710 al Km 11.735','-58.524803','-34.638983','Activo','009c00000000000000000000','2021-05-06','observaciones'),(157,'R219','LOCAL 2 MO','01807','INGRESO/SALIDA PLAT 2 MO / ADV 7 MO','Km 31.920 al Km 36.830','-58.788903','-34.650747','Activo','009d00000000000000000000','2021-05-06','observaciones'),(158,'R221','LOCAL 2 MO','01811','INGRESO/SALIDA PLAT 2 MO / PAN MELO L2 / ADV 15 MO','Km 31.920 al Km 36.830','-58.791074','-34.650167','Activo','009e00000000000000000000','2021-05-06','observaciones'),(159,'R205','GENERAL 2','01701','INGRESO/SALIDA PLAT 2 PR / ADV 2 PR','Km 31.920 al Km 36.830','-58.760455','-34.65675','Activo','009f00000000000000000000','2021-05-06','observaciones'),(160,'R208','GENERAL 2','01703','INGRESO/SALIDA PLAT 2 PR / ADV 4 PR','Km 31.920 al Km 36.830','-58.762994','-34.657956','Activo','00a000000000000000000000','2021-05-06','observaciones'),(161,'R211','GENERAL 1','NO','INGRESO/SALIDA PLAT 3 MO / ADV 6 MO','Km 31.920 al Km 36.830','-58.788063','-34.651057','Activo','00a100000000000000000000','2021-05-06','observaciones'),(162,'R040','VIA 4 CB','00326','INGRESO/SALIDA PLAT 4 7 PAN G. LORCA 4','nan','-58.482137','-34.632786','Activo','00a200000000000000000000','2021-05-06','observaciones'),(163,'R222','GENERAL 2','11825','INGRESO/SALIDA PLAT 4 MO / PAN MELO G2 / ADV 15 Y 16 MO','Km 31.920 al Km 36.830','-58.790438','-34650107.0','Activo','00a300000000000000000000','2021-05-06','observaciones'),(164,'R216','GENERAL 2','11821','INGRESO/SALIDA PLAT 4 MO / PAN URUGUAY G2 / ADV 8 MO','Km 31.920 al Km 36.830','-58.788216','-34.650848','Activo','00a400000000000000000000','2021-05-06','observaciones'),(165,'P44-1','GENERAL 1','01512','PAN 25 DE MAYO 1','Km 24.151 al Km 29.265','-58.714542','-34.666608','Activo','00a500000000000000000000','2021-05-06','observaciones'),(166,'P44-2','GENERAL 2','01511','PAN 25 DE MAYO 2','Km 29.265 al Km 31.920','-58.714846','-34.666531','Activo','00a600000000000000000000','2021-05-06','observaciones'),(167,'P41-1','GENERAL 1','01410','PAN 30 DE AGOSTO 1','Km 24.151 al Km 29.265','-58.675952','-34.66628','Activo','00a700000000000000000000','2021-05-06','observaciones'),(168,'P41-2','GENERAL 2','01409','PAN 30 DE AGOSTO 2','Km 24.151 al Km 29.265','-58.676423','-34.662645','Activo','00a800000000000000000000','2021-05-06','observaciones'),(169,'P34-1','GENERAL 1','01204','PAN 9 DE JULIO 1','Km 19.276 al Km 22.221','-58.618313','-34.6433','Activo','00a900000000000000000000','2021-05-06','observaciones'),(170,'R080','GENERAL 1','NO','PAN 9 DE JULIO G1','Km 11.735 al Km 14.793','-58.543279','-34.640065','Activo','00aa00000000000000000000','2021-05-06','observaciones'),(171,'P24-2','GENERAL 2','NO','PAN 9 DE JULIO G2','Km 11.735 al Km 14.793','-58.543733','-34.63985','Activo','00ab00000000000000000000','2021-05-06','observaciones'),(172,'R081','LOCAL 1 LS-HD','NO','PAN 9 DE JULIO L1','Km 11.735 al Km 14.793','-58.543041','-34.640023','Activo','00ac00000000000000000000','2021-05-06','observaciones'),(173,'P24-L2','LOCAL 2 LS-HD','NO','PAN 9 DE JULIO L2','Km 11.735 al Km 14.793','-58.543872','-34.639923','Activo','00ad00000000000000000000','2021-05-06','observaciones'),(174,'P42-1','GENERAL 1','01416','PAN ACEVEDO 1','Km 24.151 al Km 29.265','-58.692445','-34.664863','Activo','00ae00000000000000000000','2021-05-06','observaciones'),(175,'P08-1','GENERAL 1','NO','PAN ARTIGAS 1','Km 5.802','-58.464629','-34.627491','Activo','00af00000000000000000000','2021-05-06','observaciones'),(176,'P21-1','GENERAL 1','NO','PAN BARRAGAN G1','Km 9.710 al Km 11.735','-58.52207','-34.63882','Activo','00b000000000000000000000','2021-05-06','observaciones'),(177,'P21-L1','LOCAL 1 LS-HD','NO','PAN BARRAGAN L1','Km 9.710 al Km 11.735','-58.522466','-34.638771','Activo','00b100000000000000000000','2021-05-06','observaciones'),(178,'P35-2','GENERAL 2','NO','PAN BELGRANO 2','Km 19.276 al Km 22.221','-58.621267','-34.648273','Activo','00b200000000000000000000','2021-05-06','observaciones'),(179,'P04-1','GENERAL 1','NO','PAN BOYACA 1','Km 5.097 al Km 5.802','-58.458073','-34.625492','Activo','00b300000000000000000000','2021-05-06','observaciones'),(180,'P04-2','GENERAL 2','NO','PAN BOYACA 2','Km 5.097 al Km 5.802','-58.457144','-34.625725','Activo','00b400000000000000000000','2021-05-06','observaciones'),(181,'P26-1','GENERAL 1','NO','PAN C. CALVO G1','Km 11.735 al Km 14.793','-58.556836','-34.639733','Activo','00b500000000000000000000','2021-05-06','observaciones'),(182,'P26-2','GENERAL 2','NO','PAN C. CALVO G2','Km 11.735 al Km 14.793','-58.557199','-34.639725','Activo','00b600000000000000000000','2021-05-06','observaciones'),(183,'P26-L1','LOCAL 1 LS-HD','NO','PAN C. CALVO L1','Km 11.735 al Km 14.793','-58.557441','-34.63968','Activo','00b700000000000000000000','2021-05-06','observaciones'),(184,'P26-L2','LOCAL 2 LS-HD','NO','PAN C. CALVO L2','Km 11.735 al Km 14.793','-58.557368','-34.639695','Activo','00b800000000000000000000','2021-05-06','observaciones'),(185,'P06-1','GENERAL 1','NO','PAN CARACAS 1','Km 5.097 al Km 5.802','-58.46169','-34.626728','Activo','00b900000000000000000000','2021-05-06','observaciones'),(186,'P06-2','GENERAL 2','NO','PAN CARACAS 2','Km 5.097 al Km 5.802','-58.462203','-34.626681','Activo','00ba00000000000000000000','2021-05-06','observaciones'),(187,'P17-1','GENERAL 1','NO','PAN CARDOZO 1','Km 6.070 al Km 9.710','-58.492257','-34.634991','Activo','00bb00000000000000000000','2021-05-06','observaciones'),(188,'P17-2','GENERAL 2','NO','PAN CARDOZO 2','Km 6.070 al Km 9.710','-58.492629','-34.635024','Activo','00bc00000000000000000000','2021-05-06','observaciones'),(189,'P16-1','GENERAL 1','NO','PAN CARRASCO 1','Km 6.070 al Km 9.710','-58.488488','-34.634431','Activo','00bd00000000000000000000','2021-05-06','observaciones'),(190,'P16-2','GENERAL 2','NO','PAN CARRASCO 2','Km 6.070 al Km 9.710','-58.48895','-34.634438','Activo','00be00000000000000000000','2021-05-06','observaciones'),(191,'P31-1','GENERAL 1','NO','PAN CHILE G1','Km 14.793 al Km 17.061','-58.577325','-34.642563','Activo','00bf00000000000000000000','2021-05-06','observaciones'),(192,'P31-2','GENERAL 2','NO','PAN CHILE G2','Km 14.793 al Km 17.061','-58.578014','-34.642528','Activo','00c000000000000000000000','2021-05-06','observaciones'),(193,'P31-L1','LOCAL 1 LS-HD','NO','PAN CHILE L1','Km 14.793 al Km 17.061','-58.577379','-34.64253','Activo','00c100000000000000000000','2021-05-06','observaciones'),(194,'P31-L2','LOCAL 2 LS-HD','NO','PAN CHILE L2','Km 14.793 al Km 17.061','-58.577806','-34.642595','Activo','00c200000000000000000000','2021-05-06','observaciones'),(195,'P25-1','GENERAL 1','NO','PAN COLOMBRES G1','Km 11.735 al Km 14.793','-58.553105','-34.639833','Activo','00c300000000000000000000','2021-05-06','observaciones'),(196,'P25-2','GENERAL 2','NO','PAN COLOMBRES G2','Km 11.735 al Km 14.793','-58.553578','-34.639603','Activo','00c400000000000000000000','2021-05-06','observaciones'),(197,'P25-L1','LOCAL 1 LS-HD','NO','PAN COLOMBRES L1','Km 11.735 al Km 14.793','-58.552898','-34.63981','Activo','00c500000000000000000000','2021-05-06','observaciones'),(198,'P25-L2','LOCAL 2 LS-HD','NO','PAN COLOMBRES L2','Km 11.735 al Km 14.793','-58.553411','-34.639626','Activo','00c600000000000000000000','2021-05-06','observaciones'),(199,'P12-1','GENERAL 1','NO','PAN CONCORDIA 1','Km 6.070 al Km 9.710','-58.476184','-34.630962','Activo','00c700000000000000000000','2021-05-06','observaciones'),(200,'P12-2','GENERAL 2','NO','PAN CONCORDIA 2','Km 6.070 al Km 9.710','-58.476498','-34.631953','Activo','00c800000000000000000000','2021-05-06','observaciones'),(201,'P09-2','GENERAL 2','NO','PAN CONDARCO 2','Km 6.070 al Km 9.710','-58.467757','-34.628325','Activo','00c900000000000000000000','2021-05-06','observaciones'),(202,'P46-2','GENERAL 2','NO','PAN CORDOBA 2','Km 29.265 al Km 31.920','-58.734461','-34.663522','Activo','00ca00000000000000000000','2021-05-06','observaciones'),(203,'P18-1','GENERAL 1','NO','PAN CORRO 1','Km 6.070 al Km 9.710','-58.495382','-34.635336','Activo','00cb00000000000000000000','2021-05-06','observaciones'),(204,'P18-2','GENERAL 2','NO','PAN CORRO 2','Km 6.070 al Km 9.710','-58.495078','-34.635629','Activo','00cc00000000000000000000','2021-05-06','observaciones'),(205,'P11-1','GENERAL 1','NO','PAN CUENCA 1','Km 6.070 al Km 9.710','-58.474034','-34.630345','Activo','00cd00000000000000000000','2021-05-06','observaciones'),(206,'P11-2','GENERAL 2','NO','PAN CUENCA 2','Km 6.070 al Km 9.710','-58.474421','-34.630402','Activo','00ce00000000000000000000','2021-05-06','observaciones'),(207,'P07-1','GENERAL 1','NO','PAN F. CAYETANO 1','Km 5.097 al Km 5.802','-58.463282','-34.627122','Activo','00cf00000000000000000000','2021-05-06','observaciones'),(208,'P07-2','GENERAL 2','NO','PAN F. CAYETANO 2','Km 5.097 al Km 5.802','-58.463619','-34.627162','Activo','00d000000000000000000000','2021-05-06','observaciones'),(209,'P15-1','GENERAL 1','NO','PAN GOYA 1','Km 6.070 al Km 9.710','-58.485742','-34.633846','Activo','00d100000000000000000000','2021-05-06','observaciones'),(210,'P15-2','GENERAL 2','NO','PAN GOYA 2','Km 6.070 al Km 9.710','-58.485963','-34.633838','Activo','00d200000000000000000000','2021-05-06','observaciones'),(211,'P48-1','GENERAL 1','01624','PAN GRAL PAZ 1','Km 31.920 al Km 36.830','-58.751281','-34.660972','Activo','00d300000000000000000000','2021-05-06','observaciones'),(212,'P48-2','GENERAL 2','01617','PAN GRAL PAZ 2','Km 31.920 al Km 36.830','-58.751627','-34.660862','Activo','00d400000000000000000000','2021-05-06','observaciones'),(213,'P05-1','GENERAL 1','NO','PAN GRANADEROS 1','Km 5.097 al Km 5.802','-58.459523','-34.626049','Activo','00d500000000000000000000','2021-05-06','observaciones'),(214,'P05-2','GENERAL 2','NO','PAN GRANADEROS 2','Km 5.097 al Km 5.802','-58.45984','-34.626111','Activo','00d600000000000000000000','2021-05-06','observaciones'),(215,'P23-1','GENERAL 1','NO','PAN GRANADEROS G1','Km 11.735 al Km 14.793','-58.53489','-34.639628','Activo','00d700000000000000000000','2021-05-06','observaciones'),(216,'P23-2','GENERAL 2','NO','PAN GRANADEROS G2','Km 11.735 al Km 14.793','-58.535559','-34.639475','Activo','00d800000000000000000000','2021-05-06','observaciones'),(217,'P23-L1','LOCAL 1 LS-HD','NO','PAN GRANADEROS L1','Km 11.735 al Km 14.793','-58.534726','-34.639575','Activo','00d900000000000000000000','2021-05-06','observaciones'),(218,'P23-L2','LOCAL 2 LS-HD','NO','PAN GRANADEROS L2','Km 11.735 al Km 14.793','-58.535381','-34.639518','Activo','00da00000000000000000000','2021-05-06','observaciones'),(219,'P28-2','GENERAL 2','NO','PAN GUEMES G2','Km 14.793 al Km 17.061','-58.565997','-34.640756','Activo','00db00000000000000000000','2021-05-06','observaciones'),(220,'P28-L2','LOCAL 2 LS-HD','NO','PAN GUEMES L2','Km 14.793 al Km 17.061','-58.565975','-34.640725','Activo','00dc00000000000000000000','2021-05-06','observaciones'),(221,'P20-1','GENERAL 1','NO','PAN IRIGOYEN 1','Km 6.070 al Km 9.710','-58.505603','-34.636676','Activo','00dd00000000000000000000','2021-05-06','observaciones'),(222,'P13-1','GENERAL 1','NO','PAN J. V. GONZALEZ 1','Km 6.070 al Km 9.710','-58.479323','-34.631953','Activo','00de00000000000000000000','2021-05-06','observaciones'),(223,'P40-1','GENERAL 1','01402','PAN JUNCAL 1','Km 24.151 al Km 29.265','-58.664289','-34.659045','Activo','00df00000000000000000000','2021-05-06','observaciones'),(224,'P19-1','GENERAL 1','NO','PAN L. DE VEGA 1','Km 6.070 al Km 9.710','-58.499647','-34.635884','Activo','00e000000000000000000000','2021-05-06','observaciones'),(225,'P47-1','GENERAL 1','01622','PAN MALBORO 1','Km 29.265 al Km 31.920','-58.746486','-34.661717','Activo','00e100000000000000000000','2021-05-06','observaciones'),(226,'P47-2','GENERAL 2','01615','PAN MALBORO 2','Km 31.920 al Km 36.830','-58.746842','-34.6661593','Activo','00e200000000000000000000','2021-05-06','observaciones'),(227,'P27-1','GENERAL 1','NO','PAN MONTEAGUDO G1','Km 11.735 al Km 14.793','-58.560924','-34.639976','Activo','00e300000000000000000000','2021-05-06','observaciones'),(228,'P27-L1','LOCAL 1 LS-HD','NO','PAN MONTEAGUDO L1','Km 11.735 al Km 14.793','-58.560796','-34.639931','Activo','00e400000000000000000000','2021-05-06','observaciones'),(229,'R082','LOCAL 2 LS-HD','NO','PAN MONTEAGUDO L2','Km 14.793 al Km 17.061','-58.561262','-34.63998','Activo','00e500000000000000000000','2021-05-06','observaciones'),(230,'P10-1','GENERAL 1','NO','PAN NAZCA 1','Km 6.070 al Km 9.710','-58.470153','-34.629098','Activo','00e600000000000000000000','2021-05-06','observaciones'),(231,'P10-2','GENERAL 2','NO','PAN NAZCA 2','Km 6.070 al Km 9.710','-58.470535','-34.629154','Activo','00e700000000000000000000','2021-05-06','observaciones'),(232,'P30-1','GENERAL 1','NO','PAN P. OBLIGADO G1','Km 14.793 al Km 17.061','-58.572989','-34.641851','Activo','00e800000000000000000000','2021-05-06','observaciones'),(233,'P30-2','GENERAL 2','NO','PAN P. OBLIGADO G2','Km 14.793 al Km 17.061','-58.573399','-34.641802','Activo','00e900000000000000000000','2021-05-06','observaciones'),(234,'P30-L1','LOCAL 1 LS-HD','NO','PAN P. OBLIGADO L1','Km 14.793 al Km 17.061','-58.573079','-34.641835','Activo','00ea00000000000000000000','2021-05-06','observaciones'),(235,'P30-L2','LOCAL 2 LS-HD','NO','PAN P. OBLIGADO L2','Km 14.793 al Km 17.061','-58.57349','-34.641857','Activo','00eb00000000000000000000','2021-05-06','observaciones'),(236,'P33-1','GENERAL 1','NO','PAN PUEYRREDON 1','Km 17.061 al Km 19.276','-58.608828','-34.646718','Activo','00ec00000000000000000000','2021-05-06','observaciones'),(237,'P36-1','GENERAL 1','NO','PAN SAN MARTIN 1','Km 19.276 al Km 22.221','-58.622458','-34.648314','Activo','00ed00000000000000000000','2021-05-06','observaciones'),(238,'P36-2','GENERAL 2','NO','PAN SAN MARTIN 2','Km 19.276 al Km 22.221','-58.622857','-34.648274','Activo','00ee00000000000000000000','2021-05-06','observaciones'),(239,'P39-1','GENERAL 1','01346','PAN SANTA ROSA 1','Km 22.221 al Km 24.151','-58.660213','-34.657835','Activo','00ef00000000000000000000','2021-05-06','observaciones'),(240,'P39-2','GENERAL 2','01311','PAN SANTA ROSA 2','Km 24.151 al Km 29.265','-58.660502','-34.657798','Activo','00f000000000000000000000','2021-05-06','observaciones'),(241,'P14-1','GENERAL 1','NO','PAN SEGUROLA 1','Km 6.070 al Km 9.710','-58.484109','-34.633141','Activo','00f100000000000000000000','2021-05-06','observaciones'),(242,'P14-2','GENERAL 2','NO','PAN SEGUROLA 2','Km 6.070 al Km 9.710','-58.483596','-34.633194','Activo','00f200000000000000000000','2021-05-06','observaciones'),(243,'P29-1','GENERAL 1','NO','PAN SOLER G1','Km 14.793 al Km 17.061','-58.567054','-34.641037','Activo','00f300000000000000000000','2021-05-06','observaciones'),(244,'P29-2','GENERAL 2','NO','PAN SOLER G2','Km 14.793 al Km 17.061','-58.56752','-34.641005','Activo','00f400000000000000000000','2021-05-06','observaciones'),(245,'P29-L1','LOCAL 1 LS-HD','NO','PAN SOLER L1','Km 14.793 al Km 17.061','-58.566993','-34.640894','Activo','00f500000000000000000000','2021-05-06','observaciones'),(246,'P29-L2','LOCAL 2 LS-HD','NO','PAN SOLER L2','Km 14.793 al Km 17.061','-58.567564','-34.640903','Activo','00f600000000000000000000','2021-05-06','observaciones'),(247,'P37-1','GENERAL 1','01214','PAN ZAPIOLA 1','Km 19.276 al Km 22.221','-58.636053','-34.650397','Activo','00f700000000000000000000','2021-05-06','observaciones'),(248,'P37-2','GENERAL 2','01211','PAN ZAPIOLA 2','Km 19.276 al Km 22.221','-58.636594','-34.650491','Activo','00f800000000000000000000','2021-05-06','observaciones'),(249,'R182','GENERAL 1','01508','PP IRIGOYEN/S. PEA 1 / ADV 3 SP','Km 24.151 al Km 29.265','-58.703976','-34.66634','Activo','00f900000000000000000000','2021-05-06','observaciones'),(250,'R038','GENERAL 1','00324','SALIDA PLAT 1 / PAN G. LORCA G1','nan','-58.444924','-34.619847','Activo','00fa00000000000000000000','2021-05-06','observaciones'),(251,'R047','GENERAL 1','00408','SALIDA PLAT 1 FS','nan','-58.467501','-34.628265','Activo','00fb00000000000000000000','2021-05-06','observaciones'),(252,'R049','GENERAL 1','00504','SALIDA PLAT 1 FTA','Km 6.070 al Km 9.710','-58.482137','-34.632786','Activo','00fc00000000000000000000','2021-05-06','observaciones'),(253,'R100','LOCAL 1 LS-HD','01118','Salida plat 1 HD','Km 17.061 al Km 19.276','-58.593011','-34.6444663','Activo','00fd00000000000000000000','2021-05-06','observaciones'),(254,'R072','LOCAL 1 LS-HD','00808','SALIDA PLAT 1 LS / ADV 41 LS / PAN CUZCO L1','Km 9.710 al Km 11.735','-58.527634','-34.639093','Activo','00fe00000000000000000000','2021-05-06','observaciones'),(255,'R112','GENERAL 1','NO','SALIDA PLAT 1 MN / PAN 9 DE JULIO 1','Km 19.276 al Km 22.221','-58.620875','-34.648343','Activo','00ff00000000000000000000','2021-05-06','observaciones'),(256,'R085','LOCAL 1 LS-HD','01008','Salida plat 1 RM / PAN GUEMES L2','Km 14.793 al Km 17.061','-58.565476','34.640577','Activo','010000000000000000000000','2021-05-06','observaciones'),(257,'R051','GENERAL 1','00604','SALIDA PLAT 1 VL','Km 6.070 al Km 9.710','-58.503446','-34.636445','Activo','010100000000000000000000','2021-05-06','observaciones'),(258,'R078','LOCAL 2 LS-HD','fvg','SALIDA PLAT 2 CD','Km 11.735 al Km 14.793','-58.539504','-34.639865','Activo','010200000000000000000000','2021-05-06','observaciones'),(259,'R118','LOCAL 2 CL','01306','SALIDA PLAT 2 CL / ADV 22 / PAN AVELLANEDA L2','Km 22.221 al Km 24.151','-58.640795','-34.651693','Activo','010300000000000000000000','2021-05-06','observaciones'),(260,'R048','GENERAL 2','00403','SALIDA PLAT 2 FS','nan','-58.464947','-34.627517','Activo','010400000000000000000000','2021-05-06','observaciones'),(261,'R050','GENERAL 2','00501','SALIDA PLAT 2 FTA','Km 6.070 al Km 9.710','-58.479677','-34.631983','Activo','010500000000000000000000','2021-05-06','observaciones'),(262,'R097','LOCAL 2 LS-HD','NO','Salida plat 2 HD','Km 17.061 al Km 19.276','-58.590669','-34.644422','Activo','010600000000000000000000','2021-05-06','observaciones'),(263,'R111','GENERAL 2','01203','SALIDA PLAT 2 MN / PAN BELGRANO 2','Km 19.276 al Km 22.221','-58.618639','-34.648305','Activo','010700000000000000000000','2021-05-06','observaciones'),(264,'R052','GENERAL 2','00601','SALIDA PLAT 2 VL','Km 6.070 al Km 9.710','-58.500017','-34.635872','Activo','010800000000000000000000','2021-05-06','observaciones'),(265,'R123','GENERAL 1','01308','SALIDA PLAT 3 CL','Km 22.221 al Km 24.151','-58.642779','-34.652462','Activo','010900000000000000000000','2021-05-06','observaciones'),(266,'R099','GENERAL 1','01116','Salida plat 3 HD','Km 17.061 al Km 19.276','-58.59328','-34.64483','Activo','010a00000000000000000000','2021-05-06','observaciones'),(267,'R084','GENERAL 1','01006','Salida plat 3 RM / PAN GUEMES G2','Km 14.793 al Km 17.061','-58.565685','-34.640558','Activo','010b00000000000000000000','2021-05-06','observaciones'),(268,'R079','GENERAL 2','00903','SALIDA PLAT 4 CD','Km 11.735 al Km 14.793','-58.539199','-34.639787','Activo','010c00000000000000000000','2021-05-06','observaciones'),(269,'R122','GENERAL 2','01301','SALIDA PLAT 4 CL / PAN AVELLANEDA 4','Km 22.221 al Km 24.151','-58.640935','-34.651697','Activo','010d00000000000000000000','2021-05-06','observaciones'),(270,'R098','GENERAL 2','01115','Salida plat 4 HD','Km 17.061 al Km 19.276','-58.590692','-34.644407','Activo','010e00000000000000000000','2021-05-06','observaciones'),(271,'R083','GENERAL 2','01003','Salida plat 4 RM /PAN MONTEAGUDO G2','Km 14.793 al Km 17.061','-58.561167','-34.640011','Activo','010f00000000000000000000','2021-05-06','observaciones'),(272,'R001','GENERAL 1','00201','Salida/entrada Plataforma 1 O','nan','-58.410051','-34.608924','Activo','011000000000000000000000','2021-05-06','observaciones'),(273,'R002','GENERAL 2','00202','Salida/entrada Plataforma 2 O','nan','-58.409857','-34.608904','Activo','011100000000000000000000','2021-05-06','observaciones'),(274,'R003','VIA 3','00203','Salida/entrada Plataforma 3 O','nan','-58.410188','-34.608811','anulado','011200000000000000000000','2021-05-06','observaciones'),(275,'R004','VIA 4','00204','Salida/entrada Plataforma 4 O','nan','-58.409959','-34.608775','Activo','011300000000000000000000','2021-05-06','observaciones'),(276,'R005','VIA 5','00205','Salida/entrada Plataforma 5 O','nan','-58.410111','-34.608669','Activo','011400000000000000000000','2021-05-06','observaciones'),(277,'R181','GENERAL 1','01506','SALIDA/INGRESO A PLAT 1 / PAN SULLIVAN 1 / ADV 3 SP','Km 24.151 al Km 29.265','-58.699957','-34.665784','Activo','011500000000000000000000','2021-05-06','observaciones'),(278,'R183','GENERAL 2','NO','SALIDA/INGRESO A PLAT 2 / PAN SULLIVAN 2 / ADV 4 SP','Km 24.151 al Km 29.265','-58.700808','-34.66577','Activo','011600000000000000000000','2021-05-06','observaciones'),(279,'R119','LOCAL 1 CL','01304','SALIDA/INGRESO PLAT 1 CL / ADV 62 / PAN AVELLANEDA L1','Km 22.221 al Km 24.151','-58.641188','-34.651949','Activo','011700000000000000000000','2021-05-06','observaciones'),(280,'R191','LOCAL 1 RO','01608','SALIDA/INGRESO PLAT 1 RO / ADV 30 RO','Km 29.265 al Km 31.920','-58.726811','-34.664702','Activo','011800000000000000000000','2021-05-06','observaciones'),(281,'R195','LOCAL 1 RO','NO','SALIDA/INGRESO PLAT 1 RO / PAN LIBERTAD L1 /ADV 32 RO','Km 29.265 al Km 31.920','-58.729278','-34.664383','Activo','011900000000000000000000','2021-05-06','observaciones'),(282,'R196','LOCAL 2 RO','01607','SALIDA/INGRESO PLAT 2 RO / ADV 18 RO','Km 29.265 al Km 31.920','-58.729145','-34.664218','Activo','011a00000000000000000000','2021-05-06','observaciones'),(283,'R193','LOCAL 2 RO','01605','SALIDA/INGRESO PLAT 2 RO / ADV 29 RO','Km 29.265 al Km 31.920','-58.72683','-34.664658','Activo','011b00000000000000000000','2021-05-06','observaciones'),(284,'R180','GENERAL 2','01503','SALIDA/INGRESO PLAT 2 SP / ADV 2 SP','Km 24.151 al Km 29.265','-58.697272','-34.665303','Activo','011c00000000000000000000','2021-05-06','observaciones'),(285,'R194','GENERAL 1','NO','SALIDA/INGRESO PLAT 3 RO / PAN LIBERTAD G1 / ADV 32 RO','Km 29.265 al Km 31.920','-58.729391','-34.664319','Activo','011d00000000000000000000','2021-05-06','observaciones'),(286,'R197','GENERAL 2','NO','SALIDA/INGRESO PLAT 4 RO / ADV 18 RO','Km 29.265 al Km 31.920','-58.729079','-34.664211','Activo','011e00000000000000000000','2021-05-06','observaciones'),(287,'R130','VIA 7 CL','NO','DEPOSITO CASTELAR','Km 22.221 al Km 24.151','-58.645686','-34.653496','Activo','011f00000000000000000000','2021-05-06','observaciones'),(288,'R131','VIA 9 CL','NO','DEPOSITO CASTELAR','Km 22.221 al Km 24.151','-58.646053','-34.656799','Activo','012000000000000000000000','2021-05-06','observaciones'),(289,'R132','VIA 11 CL','NO','DEPOSITO CASTELAR','Km 22.221 al Km 24.151','-58.646303','-34.653908','Activo','012100000000000000000000','2021-05-06','observaciones'),(290,'R133','VIA 13 CL','NO','DEPOSITO CASTELAR','Km 22.221 al Km 24.151','-58.64651','-34.653959','Activo','012200000000000000000000','2021-05-06','observaciones'),(291,'R134','VIA 15 CL','NO','DEPOSITO CASTELAR','Km 22.221 al Km 24.151','-58.646767','-34.653975','Activo','012300000000000000000000','2021-05-06','observaciones'),(292,'R135','VIA 17 CL','NO','DEPOSITO CASTELAR','Km 22.221 al Km 24.151','-58.646079','-34.653885','Activo','012400000000000000000000','2021-05-06','observaciones'),(293,'R136','VIA 19 CL','NO','DEPOSITO CASTELAR','Km 22.221 al Km 24.151','-58.646484','-34.654123','Activo','012500000000000000000000','2021-05-06','observaciones'),(294,'R137','VIA 21 CL','NO','DEPOSITO CASTELAR','Km 22.221 al Km 24.151','-58.646668','-34.654246','Activo','012600000000000000000000','2021-05-06','observaciones'),(295,'R138','VIA 23 CL','NO','DEPOSITO CASTELAR','Km 22.221 al Km 24.151','-58.647435','-34.654506','Activo','012700000000000000000000','2021-05-06','observaciones'),(296,'R139','VIA 7 CL','NO','DEPOSITO CASTELAR','Km 22.221 al Km 24.151','-58.651261','-34.655488','Activo','012800000000000000000000','2021-05-06','observaciones'),(297,'R140','VIA 9 CL','NO','DEPOSITO CASTELAR','Km 22.221 al Km 24.151','-58.651209','-34.655412','Activo','012900000000000000000000','2021-05-06','observaciones'),(298,'R141','VIA 11 CL','NO','DEPOSITO CASTELAR','Km 22.221 al Km 24.151','-58.649752','-34.654923','Activo','012a00000000000000000000','2021-05-06','observaciones'),(299,'R142','VIA 13 CL','NO','DEPOSITO CASTELAR','Km 22.221 al Km 24.151','-58.649521','-34.654883','Activo','012b00000000000000000000','2021-05-06','observaciones'),(300,'R143','VIA 15 CL','NO','DEPOSITO CASTELAR','Km 22.221 al Km 24.151','-58.651654','-34.655581','Activo','012c00000000000000000000','2021-05-06','observaciones'),(301,'R144','VIA 17 CL','NO','DEPOSITO CASTELAR','Km 22.221 al Km 24.151','-58.65161','-34.655521','Activo','012d00000000000000000000','2021-05-06','observaciones'),(302,'R145','VIA 19 CL','NO','DEPOSITO CASTELAR','Km 22.221 al Km 24.151','-58.651581','-34.655507','Activo','012e00000000000000000000','2021-05-06','observaciones'),(303,'R146','VIA 21 CL','NO','DEPOSITO CASTELAR','Km 22.221 al Km 24.151','-58.651592','-34.655513','Activo','012f00000000000000000000','2021-05-06','observaciones'),(304,'R147','VIA 23 CL','NO','DEPOSITO CASTELAR','Km 22.221 al Km 24.151','-58.651624','-34.655529','Activo','013000000000000000000000','2021-05-06','observaciones'),(305,'R224','VIA 23 CL FRENTE','NO','DEPOSITO CASTELAR','Km 22.221 al Km 24.152','-58.645387','-34.653382','Activo','013100000000000000000000','2021-05-06','observaciones'),(306,'R225','VIA 23 CL MEDIO','NO','DEPOSITO CASTELAR','Km 22.221 al Km 24.153','-58.649464','-34.655124','Activo','013200000000000000000000','2021-05-06','observaciones'),(307,'R226','VIA 23 CL FONDO','NO','DEPOSITO CASTELAR','Km 22.221 al Km 24.154','-58.651548','-34.655476','Activo','013300000000000000000000','2021-05-06','observaciones');
/*!40000 ALTER TABLE `puntos` ENABLE KEYS */;
UNLOCK TABLES;

--
-- Table structure for table `users`
--

DROP TABLE IF EXISTS `users`;
/*!40101 SET @saved_cs_client     = @@character_set_client */;
/*!40101 SET character_set_client = utf8 */;
CREATE TABLE `users` (
  `id` int(11) NOT NULL AUTO_INCREMENT,
  `username` varchar(120) NOT NULL,
  `password` varchar(120) NOT NULL,
  `role` varchar(120) NOT NULL,
  PRIMARY KEY (`id`),
  UNIQUE KEY `username` (`username`)
) ENGINE=InnoDB AUTO_INCREMENT=13 DEFAULT CHARSET=utf8mb4;
/*!40101 SET character_set_client = @saved_cs_client */;

--
-- Dumping data for table `users`
--

LOCK TABLES `users` WRITE;
/*!40000 ALTER TABLE `users` DISABLE KEYS */;
INSERT INTO `users` VALUES (1,'admin','$pbkdf2-sha256$29000$8b7XGuP8f0/JGSMkZAwBQA$rZgh/OnJjyOJdA7dhr7KICHPMZ6oOh3rQV0iPdqaH5g','admin'),(7,'1','$pbkdf2-sha256$29000$D6F0bu29VwoBAKB0bq2Vcg$b7F6fmVq7novYjCgrvJ2i7JtiYKAWaZ5nGDf/YrUaAE','tren'),(8,'2','$pbkdf2-sha256$29000$I.QcY6xVCmFMaa3VWqt1jg$gIzOOoAB33SFiabTFvD8a/iJ2.2ln7fuFf1.Q3q9/KQ','tren'),(9,'admin2','$pbkdf2-sha256$29000$UyrFWEtJ6Z2TsvaeE6I0Rg$9DB5AHabiomm2WLZXhsTDdrZjPS7iklG5TgPoLZfrYw','admin'),(10,'admin3','$pbkdf2-sha256$29000$7v0/J2SsVaqV0npPyXkvxQ$xP9kDzzMuNUGh9u.6FOEwdJnG5QZp6G4ZwqT3jBO3j0','admin'),(11,'admin4','$pbkdf2-sha256$29000$GANAaE2J0VorhRAixDjn3A$C19D1t1GyfkMVYQuU1/qcR84WZCXGJ1tmwh.nnm9bbQ','lector'),(12,'lector','$pbkdf2-sha256$29000$do5xzlmLkZKS0hoDwJjT2g$A7smtpSxRAXTFzsj4/5OGJXfFuvFraeqFqhfhUvwpwo','lector');
/*!40000 ALTER TABLE `users` ENABLE KEYS */;
UNLOCK TABLES;
/*!40103 SET TIME_ZONE=@OLD_TIME_ZONE */;

/*!40101 SET SQL_MODE=@OLD_SQL_MODE */;
/*!40014 SET FOREIGN_KEY_CHECKS=@OLD_FOREIGN_KEY_CHECKS */;
/*!40014 SET UNIQUE_CHECKS=@OLD_UNIQUE_CHECKS */;
/*!40101 SET CHARACTER_SET_CLIENT=@OLD_CHARACTER_SET_CLIENT */;
/*!40101 SET CHARACTER_SET_RESULTS=@OLD_CHARACTER_SET_RESULTS */;
/*!40101 SET COLLATION_CONNECTION=@OLD_COLLATION_CONNECTION */;
/*!40111 SET SQL_NOTES=@OLD_SQL_NOTES */;

-- Dump completed on 2021-05-11  0:38:30
